request_idx,input_len,output_len,mist_ttft_sec,mist_e2e_sec,sim_wall_clock_sec,num_requests_submitted,num_requests_completed,platform,model,device,tensor_parallel_size
0,329.0,101.0,0.026301060000000008,1.5726173515999982,2.364698708988726,100,100,h100,llama2_70B,H100_GPU,8
1,399.0,9.0,0.06870124205000014,0.17926052204999995,2.364698708988726,100,100,h100,llama2_70B,H100_GPU,8
2,328.0,24.0,0.03812294554999994,0.37838489954999976,2.364698708988726,100,100,h100,llama2_70B,H100_GPU,8
3,205.0,80.0,0.026306575049999763,1.2186717092999975,2.364698708988726,100,100,h100,llama2_70B,H100_GPU,8
4,372.0,84.0,0.026492340849999893,1.2627530710999981,2.364698708988726,100,100,h100,llama2_70B,H100_GPU,8
5,403.0,396.0,0.032764575199999625,6.401660884866666,2.364698708988726,100,100,h100,llama2_70B,H100_GPU,8
6,770.0,9.0,0.05585759219999909,0.1718628721999985,2.364698708988726,100,100,h100,llama2_70B,H100_GPU,8
7,227.0,173.0,0.029743360199997595,2.7742254241999977,2.364698708988726,100,100,h100,llama2_70B,H100_GPU,8
8,390.0,37.0,0.03737179719999722,0.5917894881999964,2.364698708988726,100,100,h100,llama2_70B,H100_GPU,8
9,659.0,587.0,0.0622913831999972,9.965340653366649,2.364698708988726,100,100,h100,llama2_70B,H100_GPU,8
10,59.0,372.0,0.018411554199997227,6.244182685533323,2.364698708988726,100,100,h100,llama2_70B,H100_GPU,8
11,76.0,159.0,0.03075501819999636,2.5965867332000094,2.364698708988726,100,100,h100,llama2_70B,H100_GPU,8
12,744.0,135.0,0.06143501419999757,2.2293245372000063,2.364698708988726,100,100,h100,llama2_70B,H100_GPU,8
13,619.0,34.0,0.05451985619999914,0.659991315199999,2.364698708988726,100,100,h100,llama2_70B,H100_GPU,8
14,279.0,45.0,0.09236930119999852,0.8479340461999972,2.364698708988726,100,100,h100,llama2_70B,H100_GPU,8
15,344.0,450.0,0.07413709519999884,7.716839119199975,2.364698708988726,100,100,h100,llama2_70B,H100_GPU,8
16,80.0,59.0,0.07005197819999875,1.0286710231999956,2.364698708988726,100,100,h100,llama2_70B,H100_GPU,8
17,768.0,11.0,0.05530248519999759,0.21705153519999795,2.364698708988726,100,100,h100,llama2_70B,H100_GPU,8
18,317.0,567.0,0.037926900199997365,9.733738942433291,2.364698708988726,100,100,h100,llama2_70B,H100_GPU,8
19,619.0,520.0,0.054313313199995716,8.985750187433304,2.364698708988726,100,100,h100,llama2_70B,H100_GPU,8
20,298.0,13.0,0.036233333200009835,0.21011597320000602,2.364698708988726,100,100,h100,llama2_70B,H100_GPU,8
21,696.0,16.0,0.05797227920000569,0.30887790620000394,2.364698708988726,100,100,h100,llama2_70B,H100_GPU,8
22,575.0,35.0,0.05452786420000393,0.6328605438666672,2.364698708988726,100,100,h100,llama2_70B,H100_GPU,8
23,281.0,492.0,0.03558494719999999,8.592800794099956,2.364698708988726,100,100,h100,llama2_70B,H100_GPU,8
24,147.0,129.0,0.02925158086666579,2.2942730758666574,2.364698708988726,100,100,h100,llama2_70B,H100_GPU,8
25,481.0,26.0,0.03024535286666651,0.4704429988666643,2.364698708988726,100,100,h100,llama2_70B,H100_GPU,8
26,770.0,231.0,0.06914615286666685,4.117516115199982,2.364698708988726,100,100,h100,llama2_70B,H100_GPU,8
27,336.0,17.0,0.03127669286666605,0.304339547866668,2.364698708988726,100,100,h100,llama2_70B,H100_GPU,8
28,331.0,11.0,0.03799768586666596,0.24179531486666747,2.364698708988726,100,100,h100,llama2_70B,H100_GPU,8
29,222.0,340.0,0.03352284786666769,6.040607339433302,2.364698708988726,100,100,h100,llama2_70B,H100_GPU,8
30,802.0,768.0,0.05707588086666783,13.45717264801665,2.364698708988726,100,100,h100,llama2_70B,H100_GPU,8
31,481.0,9.0,0.02864545786666349,0.15890411086666154,2.364698708988726,100,100,h100,llama2_70B,H100_GPU,8
32,93.0,123.0,0.020935527866661686,2.192588550199981,2.364698708988726,100,100,h100,llama2_70B,H100_GPU,8
33,641.0,6.0,0.06635723286666416,0.14713398286666415,2.364698708988726,100,100,h100,llama2_70B,H100_GPU,8
34,77.0,26.0,0.0625635188666638,0.507957095866659,2.364698708988726,100,100,h100,llama2_70B,H100_GPU,8
35,689.0,206.0,0.06903223486666411,3.6078653083666494,2.364698708988726,100,100,h100,llama2_70B,H100_GPU,8
36,178.0,151.0,0.02938649486666145,2.6585402931999726,2.364698708988726,100,100,h100,llama2_70B,H100_GPU,8
37,628.0,25.0,0.05961136286665714,0.4484881655333229,2.364698708988726,100,100,h100,llama2_70B,H100_GPU,8
38,480.0,18.0,0.029868550533323285,0.316277680533316,2.364698708988726,100,100,h100,llama2_70B,H100_GPU,8
39,336.0,20.0,0.038561439533317754,0.40931215119997977,2.364698708988726,100,100,h100,llama2_70B,H100_GPU,8
40,515.0,267.0,0.058497346533315064,4.69132217543329,2.364698708988726,100,100,h100,llama2_70B,H100_GPU,8
41,761.0,139.0,0.05930650019998211,2.398177029366647,2.364698708988726,100,100,h100,llama2_70B,H100_GPU,8
42,112.0,12.0,0.03633631019998211,0.21551588019998053,2.364698708988726,100,100,h100,llama2_70B,H100_GPU,8
43,113.0,768.0,0.02391325119998328,13.00500688601661,2.364698708988726,100,100,h100,llama2_70B,H100_GPU,8
44,348.0,67.0,0.04192693919998055,1.1821908751999726,2.364698708988726,100,100,h100,llama2_70B,H100_GPU,8
45,82.0,628.0,0.032805498199983046,10.919597311016636,2.364698708988726,100,100,h100,llama2_70B,H100_GPU,8
46,467.0,11.0,0.03270845119998376,0.2253720001999827,2.364698708988726,100,100,h100,llama2_70B,H100_GPU,8
47,245.0,218.0,0.027719468199984477,3.7918824694332907,2.364698708988726,100,100,h100,llama2_70B,H100_GPU,8
48,343.0,145.0,0.027587888199985172,2.5539546410333096,2.364698708988726,100,100,h100,llama2_70B,H100_GPU,8
49,387.0,22.0,0.031553460199984326,0.3907503461999768,2.364698708988726,100,100,h100,llama2_70B,H100_GPU,8
50,258.0,26.0,0.0349129641999807,0.4524813461999711,2.364698708988726,100,100,h100,llama2_70B,H100_GPU,8
51,225.0,13.0,0.02352972619997854,0.22250584619997427,2.364698708988726,100,100,h100,llama2_70B,H100_GPU,8
52,248.0,490.0,0.03775456319998193,8.638734020516642,2.364698708988726,100,100,h100,llama2_70B,H100_GPU,8
53,133.0,58.0,0.03552075536664961,1.1007991510333122,2.364698708988726,100,100,h100,llama2_70B,H100_GPU,8
54,98.0,29.0,0.023435846366650366,0.5020262983666435,2.364698708988726,100,100,h100,llama2_70B,H100_GPU,8
55,58.0,526.0,0.02258741536665002,9.196413813016658,2.364698708988726,100,100,h100,llama2_70B,H100_GPU,8
56,363.0,16.0,0.031610960366644576,0.2965243773666425,2.364698708988726,100,100,h100,llama2_70B,H100_GPU,8
57,203.0,416.0,0.02706883136664328,7.395737430516661,2.364698708988726,100,100,h100,llama2_70B,H100_GPU,8
58,140.0,434.0,0.02107242836664227,7.683897990516658,2.364698708988726,100,100,h100,llama2_70B,H100_GPU,8
59,140.0,451.0,0.03530095236664238,7.969575980516632,2.364698708988726,100,100,h100,llama2_70B,H100_GPU,8
60,230.0,17.0,0.021839067366641755,0.3744334980333115,2.364698708988726,100,100,h100,llama2_70B,H100_GPU,8
61,310.0,573.0,0.04032447336664518,9.806459251016655,2.364698708988726,100,100,h100,llama2_70B,H100_GPU,8
62,521.0,104.0,0.05851050403331283,1.8381004624332908,2.364698708988726,100,100,h100,llama2_70B,H100_GPU,8
63,768.0,7.0,0.08250580003331379,0.19926242103331424,2.364698708988726,100,100,h100,llama2_70B,H100_GPU,8
64,317.0,8.0,0.06390939803331276,0.18864662103331284,2.364698708988726,100,100,h100,llama2_70B,H100_GPU,8
65,298.0,11.0,0.030203621033315357,0.1963353910333135,2.364698708988726,100,100,h100,llama2_70B,H100_GPU,8
66,336.0,22.0,0.026016595033310295,0.3916614244333014,2.364698708988726,100,100,h100,llama2_70B,H100_GPU,8
67,491.0,13.0,0.03958718443331054,0.23951753443330562,2.364698708988726,100,100,h100,llama2_70B,H100_GPU,8
68,59.0,392.0,0.025343471433301602,6.852674550516638,2.364698708988726,100,100,h100,llama2_70B,H100_GPU,8
69,54.0,256.0,0.023152080433301307,4.55510891351662,2.364698708988726,100,100,h100,llama2_70B,H100_GPU,8
70,107.0,31.0,0.02645351943328933,0.516445523099952,2.364698708988726,100,100,h100,llama2_70B,H100_GPU,8
71,53.0,39.0,0.03149050843329133,0.6495660930999566,2.364698708988726,100,100,h100,llama2_70B,H100_GPU,8
72,72.0,300.0,0.02770112909995987,5.350064540516649,2.364698708988726,100,100,h100,llama2_70B,H100_GPU,8
73,768.0,9.0,0.056744369099957115,0.1863787690999525,2.364698708988726,100,100,h100,llama2_70B,H100_GPU,8
74,933.0,458.0,0.0767577550999522,7.620757621016581,2.364698708988726,100,100,h100,llama2_70B,H100_GPU,8
75,239.0,147.0,0.0687624950999525,2.7564831155166156,2.364698708988726,100,100,h100,llama2_70B,H100_GPU,8
76,277.0,240.0,0.027287453099952473,4.284343050516658,2.364698708988726,100,100,h100,llama2_70B,H100_GPU,8
77,462.0,45.0,0.03247008809995168,0.8864818301832765,2.364698708988726,100,100,h100,llama2_70B,H100_GPU,8
78,386.0,141.0,0.03884639659995446,2.5941544955166154,2.364698708988726,100,100,h100,llama2_70B,H100_GPU,8
79,661.0,4.0,0.06463643059995229,0.14553270393328602,2.364698708988726,100,100,h100,llama2_70B,H100_GPU,8
80,631.0,27.0,0.052416733933288925,0.4974683419332832,2.364698708988726,100,100,h100,llama2_70B,H100_GPU,8
81,349.0,721.0,0.03776651293328905,11.110639761016676,2.364698708988726,100,100,h100,llama2_70B,H100_GPU,8
82,53.0,63.0,0.04272251593328838,1.1568802431832683,2.364698708988726,100,100,h100,llama2_70B,H100_GPU,8
83,71.0,24.0,0.023735841933281335,0.48037586918327907,2.364698708988726,100,100,h100,llama2_70B,H100_GPU,8
84,496.0,184.0,0.04857247618328256,3.2489997505166612,2.364698708988726,100,100,h100,llama2_70B,H100_GPU,8
85,353.0,22.0,0.029881470183283455,0.4261709931832793,2.364698708988726,100,100,h100,llama2_70B,H100_GPU,8
86,595.0,40.0,0.06161392318327853,0.726309183183268,2.364698708988726,100,100,h100,llama2_70B,H100_GPU,8
87,286.0,15.0,0.06698139918328161,0.30816814318328034,2.364698708988726,100,100,h100,llama2_70B,H100_GPU,8
88,305.0,18.0,0.03689432318328181,0.31951399318327456,2.364698708988726,100,100,h100,llama2_70B,H100_GPU,8
89,56.0,574.0,0.023317618183271407,8.776783441016661,2.364698708988726,100,100,h100,llama2_70B,H100_GPU,8
90,52.0,214.0,0.031412861183267526,3.6432377030166574,2.364698708988726,100,100,h100,llama2_70B,H100_GPU,8
91,310.0,15.0,0.03605933218327482,0.27530160218328453,2.364698708988726,100,100,h100,llama2_70B,H100_GPU,8
92,238.0,77.0,0.030410422183274933,1.3781274905166137,2.364698708988726,100,100,h100,llama2_70B,H100_GPU,8
93,143.0,170.0,0.03205640851661883,2.899949083016647,2.364698708988726,100,100,h100,llama2_70B,H100_GPU,8
94,660.0,510.0,0.062103717516620235,7.770710671016656,2.364698708988726,100,100,h100,llama2_70B,H100_GPU,8
95,191.0,53.0,0.0429229735166191,0.9509355605166092,2.364698708988726,100,100,h100,llama2_70B,H100_GPU,8
96,72.0,16.0,0.04231976551661501,0.29236804551661044,2.364698708988726,100,100,h100,llama2_70B,H100_GPU,8
97,258.0,57.0,0.03825727551661475,1.0025121005166293,2.364698708988726,100,100,h100,llama2_70B,H100_GPU,8
98,312.0,9.0,0.051548000516613686,0.18421344051662528,2.364698708988726,100,100,h100,llama2_70B,H100_GPU,8
99,561.0,19.0,0.05060670051661145,0.34925894051661455,2.364698708988726,100,100,h100,llama2_70B,H100_GPU,8
