ContextTokens,GeneratedTokens,KV_Tokens,TIMESTAMP
233,233,1698
595,595,1490
631,631,1489
387,387,1693
365,365,2188
211,211,2294
314,314,1926
787,787,1078
262,262,2213
838,838,1105
879,879,1456
521,521,1545
1122,1122,1503
761,761,1738
754,754,1909
239,239,1894
332,332,1959
1278,1278,1328
950,950,1851
284,284,3879
1132,1132,1413
691,691,1710
346,346,1966
275,275,1507
301,301,1498
223,223,1645
826,826,1468
392,392,2368
816,816,2064
366,366,1415
312,312,2598
462,462,1776
1478,1478,1635
433,433,1820
412,412,1686
432,432,3814
257,257,2260
386,386,1829
676,676,1966
290,290,1750
314,314,2002
235,235,1865
398,398,1628
451,451,1927
515,515,1951
683,683,1628
240,240,2396
431,431,1854
1265,1265,1265
1254,1254,1679
352,352,3253
753,753,1717
556,556,1519
730,730,1397
404,404,2035
456,456,1876
257,257,2292
675,675,1962
484,484,1837
753,753,2358
765,765,1357
745,745,1726
356,356,2341
533,533,2304
264,264,2286
972,972,1733
690,690,1839
587,587,2921
738,738,1484
1049,1049,1874
308,308,2458
751,751,1790
605,605,2188
518,518,1970
418,418,2265
328,328,3650
443,443,2476
340,340,2214
1340,1340,1537
258,258,2220
637,637,3139
872,872,1473
404,404,2389
646,646,1676
261,261,2116
484,484,2650
782,782,2021
663,663,1564
735,735,2219
434,434,2091
357,357,2583
827,827,1417
353,353,2542
812,812,1707
454,454,2878
290,290,2675
340,340,3094
423,423,1804
418,418,1816
512,512,1828
468,468,3597
283,283,2223
355,355,2980
1935,1935,1984
888,888,1366
1205,1205,2545
370,370,2205
308,308,2562
776,776,5790
838,838,2608
568,568,1675
275,275,2335
394,394,2203
458,458,2853
1101,1101,1767
362,362,2510
241,241,2772
915,915,2644
522,522,2331
376,376,3005
348,348,2453
376,376,2705
1499,1499,1552
469,469,1622
609,609,1871
356,356,3713
1366,1366,2358
261,261,2118
890,890,2382
533,533,2294
1493,1493,1543
449,449,2441
440,440,2215
1575,1575,2151
802,802,2179
380,380,3512
232,232,2603
328,328,2469
505,505,2007
305,305,2406
424,424,2978
272,272,2597
610,610,2620
403,403,2348
572,572,2666
540,540,3225
233,233,2102
909,909,3252
877,877,1860
325,325,2851
456,456,2733
407,407,2452
450,450,5292
467,467,2044
727,727,2496
295,295,2522
531,531,2889
321,321,3793
331,331,2264
490,490,3322
418,418,2331
267,267,2790
1357,1357,1387
897,897,2020
294,294,2187
278,278,2287
971,971,2042
370,370,2703
370,370,2914
1331,1331,2969
1171,1171,3898
886,886,2854
1448,1448,4229
767,767,2260
430,430,2837
344,344,2737
292,292,3221
317,317,2250
490,490,3141
637,637,2197
392,392,2571
227,227,3058
581,581,2083
484,484,2693
531,531,2893
1702,1702,4537
241,241,2945
363,363,2306
255,255,3096
268,268,2941
461,461,3494
1440,1440,1758
265,265,2623
306,306,3759
648,648,2637
640,640,2712
319,319,2971
306,306,2672
401,401,5297
313,313,2890
402,402,3632
477,477,4060
740,740,3335
408,408,2477
462,462,3031
333,333,2794
268,268,3516
356,356,3249
517,517,2682
769,769,2192
409,409,2748
291,291,2846
255,255,3113
342,342,2392
566,566,2991
588,588,6170
474,474,2917
308,308,2779
720,720,2996
533,533,2688
308,308,3329
1176,1176,2520
224,224,3015
222,222,3184
326,326,5526
475,475,2714
290,290,2668
564,564,3180
879,879,2171
672,672,2668
766,766,3446
293,293,3113
357,357,2898
561,561,3373
295,295,2741
239,239,3075
945,945,3297
304,304,3060
371,371,3337
310,310,2596
303,303,3191
397,397,2524
386,386,3134
364,364,2943
380,380,3313
378,378,3980
599,599,3206
944,944,3304
274,274,2439
446,446,3011
287,287,2945
534,534,2796
611,611,3887
347,347,2746
421,421,3202
287,287,4490
326,326,2756
314,314,3390
499,499,2322
392,392,3222
603,603,2795
1168,1168,2747
1549,1549,2325
620,620,2384
465,465,3066
797,797,2334
691,691,3403
277,277,3332
373,373,3591
690,690,2564
813,813,2397
977,977,2466
510,510,4252
526,526,4473
732,732,2434
741,741,3438
297,297,3221
503,503,3538
306,306,3037
299,299,2726
888,888,3521
1019,1019,2337
895,895,6737
739,739,2750
1563,1563,1785
1683,1683,1967
1548,1548,1664
251,251,3034
231,231,3636
631,631,3447
622,622,2671
412,412,3164
573,573,2581
392,392,2838
683,683,2363
335,335,4766
1799,1799,2069
333,333,3129
292,292,3743
674,674,3920
533,533,3722
396,396,3866
1109,1109,2803
871,871,3556
315,315,5016
335,335,5137
263,263,3026
285,285,6243
316,316,3532
288,288,3454
915,915,7139
589,589,3090
292,292,3029
857,857,6292
651,651,4154
801,801,3285
429,429,3822
316,316,4429
452,452,3726
2060,2060,3748
368,368,3985
638,638,3623
259,259,3290
344,344,3490
628,628,4255
1271,1271,4756
559,559,2850
527,527,4330
461,461,3209
627,627,2800
1255,1255,2352
367,367,4176
1023,1023,2549
1027,1027,2418
346,346,3015
816,816,3466
317,317,3057
824,824,2893
494,494,3661
339,339,4585
274,274,3781
433,433,4594
512,512,3424
1269,1269,2339
1147,1147,6027
389,389,3546
517,517,3889
570,570,3713
300,300,4072
474,474,3319
399,399,3237
423,423,5426
267,267,4090
488,488,4865
351,351,3690
594,594,4208
368,368,4248
3727,3727,3727
182,182,2978
398,398,3337
266,266,4015
531,531,3185
344,344,4846
396,396,3931
329,329,5923
360,360,3261
448,448,3662
535,535,3359
748,748,4521
414,414,4182
677,677,3404
289,289,3545
297,297,4782
790,790,4441
245,245,4159
1246,1246,5021
199,199,3015
313,313,3034
281,281,3648
1633,1633,1924
360,360,6105
581,581,3943
497,497,3226
786,786,3918
648,648,4064
307,307,3396
409,409,3855
459,459,6270
317,317,3941
279,279,3726
719,719,3253
331,331,4055
295,295,4846
499,499,4170
325,325,4843
339,339,3276
386,386,5918
479,479,5466
316,316,4183
264,264,4447
917,917,4163
466,466,3261
366,366,6913
814,814,3297
1065,1065,2785
245,245,3053
422,422,3899
382,382,3949
403,403,6900
1915,1915,2471
340,340,5430
2234,2234,2504
177,177,3853
462,462,3729
397,397,4155
573,573,5039
1030,1030,3055
421,421,4254
395,395,5124
2779,2779,3172
519,519,4436
256,256,3598
631,631,3115
355,355,4395
732,732,3194
378,378,3744
286,286,3774
1699,1699,3190
313,313,4518
323,323,4268
644,644,4473
446,446,4665
1508,1508,2851
283,283,4164
577,577,4301
491,491,5633
1643,1643,2161
268,268,4195
284,284,4421
1165,1165,2841
294,294,3701
285,285,4034
319,319,4197
297,297,3494
440,440,7122
250,250,4950
631,631,3229
268,268,4142
1770,1770,2426
1378,1378,3757
353,353,5733
219,219,4458
295,295,4850
222,222,4516
274,274,4123
366,366,4257
1167,1167,2745
405,405,4071
385,385,3750
1749,1749,2531
908,908,3530
250,250,3933
729,729,5234
232,232,3945
255,255,3702
261,261,5980
650,650,5907
307,307,5344
252,252,3924
2099,2099,2889
410,410,8025
804,804,4332
399,399,5647
319,319,4017
406,406,4605
397,397,4006
561,561,5305
627,627,4207
1081,1081,4116
1195,1195,3569
1655,1655,1764
263,263,3763
847,847,2990
319,319,4684
329,329,5373
321,321,4185
495,495,4465
762,762,5246
430,430,3731
314,314,4099
393,393,4522
357,357,3933
319,319,5010
332,332,4758
404,404,4513
305,305,3366
323,323,5043
653,653,5218
297,297,5737
668,668,3854
390,390,5794
874,874,3998
348,348,4618
372,372,3454
564,564,5495
323,323,4790
426,426,3565
614,614,5534
460,460,4909
1261,1261,4309
1107,1107,3441
385,385,4919
685,685,5172
371,371,6263
810,810,2994
3123,3123,3757
520,520,5139
496,496,4594
738,738,4595
941,941,4497
355,355,4485
265,265,4800
379,379,4532
2400,2400,2481
792,792,4852
882,882,4049
383,383,3971
2536,2536,3230
654,654,5433
485,485,3233
1068,1068,3371
262,262,3868
212,212,4454
1053,1053,3610
210,210,4706
509,509,4982
759,759,4821
283,283,3890
297,297,4725
669,669,4534
957,957,3367
1210,1210,3903
311,311,6651
651,651,3475
790,790,3653
219,219,4881
1045,1045,4229
635,635,6031
506,506,5876
263,263,4120
266,266,4672
274,274,4321
565,565,5138
415,415,5215
508,508,6435
717,717,4971
274,274,5560
330,330,4517
269,269,9024
467,467,4274
347,347,3840
1120,1120,5848
263,263,4886
396,396,4494
471,471,5356
1318,1318,3713
280,280,5019
450,450,4752
280,280,4342
490,490,5788
349,349,4149
396,396,4154
254,254,5174
236,236,4357
383,383,4723
450,450,4559
311,311,4651
372,372,5253
314,314,4012
486,486,3995
231,231,5049
536,536,4143
518,518,3913
733,733,4304
294,294,9282
671,671,4175
1120,1120,3983
504,504,4857
313,313,4508
1216,1216,3826
800,800,4118
453,453,5022
659,659,3771
1349,1349,2949
272,272,11430
314,314,4360
754,754,5164
335,335,4285
1439,1439,2952
351,351,4850
246,246,4497
596,596,3818
256,256,5671
1370,1370,4887
1527,1527,2905
348,348,5758
1713,1713,5376
216,216,3766
406,406,5730
526,526,12564
769,769,4941
480,480,5951
367,367,6156
333,333,5419
510,510,5500
843,843,4176
381,381,5612
334,334,4285
966,966,4759
470,470,6656
1070,1070,10535
282,282,5740
286,286,5436
418,418,5284
314,314,5557
643,643,4899
320,320,5840
177,177,4134
1158,1158,3506
1849,1849,3358
321,321,4999
373,373,10371
271,271,4953
934,934,4893
265,265,4637
300,300,4582
248,248,4701
357,357,5891
370,370,4727
288,288,6507
760,760,6670
327,327,6675
536,536,5282
1013,1013,3889
297,297,7212
285,285,6415
1173,1173,8672
281,281,4803
328,328,4362
326,326,6913
292,292,7449
447,447,7646
227,227,4561
327,327,4740
577,577,4350
356,356,5687
603,603,9853
284,284,4688
490,490,5746
311,311,4782
497,497,6150
617,617,6779
313,313,6258
370,370,4758
387,387,4893
289,289,4640
306,306,4498
500,500,5704
755,755,4416
295,295,6518
308,308,4904
527,527,7348
925,925,6014
399,399,6608
493,493,8615
1362,1362,3909
372,372,6052
279,279,6601
2913,2913,4350
998,998,5978
233,233,5039
978,978,8302
2612,2612,2760
572,572,5932
449,449,5787
2661,2661,2756
363,363,5502
540,540,6060
354,354,5908
342,342,13931
423,423,7440
283,283,5679
1215,1215,4320
423,423,4564
507,507,5191
295,295,6931
178,178,4776
331,331,7268
239,239,5221
278,278,6267
354,354,5693
504,504,5524
290,290,4864
505,505,6668
379,379,6916
254,254,6670
487,487,5095
283,283,5340
235,235,5175
325,325,6746
316,316,5055
554,554,5095
345,345,6276
3403,3403,3403
329,329,5477
511,511,5617
320,320,6960
736,736,6554
307,307,6180
245,245,6413
323,323,5546
658,658,6052
385,385,6442
254,254,6957
272,272,4921
440,440,5798
365,365,8312
674,674,4770
313,313,4839
262,262,5978
689,689,4816
428,428,5651
309,309,6109
323,323,7353
559,559,4848
1359,1359,5413
303,303,5031
382,382,5148
533,533,5361
485,485,5887
505,505,5320
411,411,5521
248,248,6464
556,556,5305
436,436,5801
1047,1047,4793
284,284,7546
237,237,6786
520,520,6553
342,342,4592
264,264,6269
718,718,5363
557,557,6768
296,296,5657
233,233,5981
416,416,5486
360,360,7904
1960,1960,4781
254,254,6825
2904,2904,3203
382,382,11842
532,532,5718
875,875,4685
508,508,6299
529,529,6733
427,427,6055
244,244,5705
238,238,6180
371,371,7420
226,226,6383
475,475,5172
363,363,6623
245,245,5880
286,286,6551
419,419,10018
1006,1006,5703
308,308,7679
386,386,6289
306,306,7025
318,318,7774
530,530,5367
304,304,5324
283,283,5639
356,356,6494
267,267,5896
732,732,6390
371,371,6136
284,284,6551
233,233,7645
467,467,6660
291,291,7509
377,377,5478
284,284,6974
1394,1394,6674
355,355,6424
335,335,6241
330,330,6858
209,209,5973
427,427,8205
303,303,6564
584,584,5044
487,487,5841
274,274,8896
522,522,7787
495,495,12149
1466,1466,5332
267,267,4485
328,328,7927
309,309,6643
309,309,6178
1392,1392,6075
236,236,6539
289,289,6338
299,299,7647
530,530,6085
274,274,9310
274,274,6715
853,853,6908
354,354,9718
494,494,5518
326,326,6939
274,274,6655
247,247,6407
524,524,7461
499,499,5996
560,560,5127
557,557,7799
701,701,6194
340,340,6936
348,348,8047
303,303,5082
228,228,5470
307,307,7277
491,491,6400
258,258,6724
565,565,11199
292,292,7168
733,733,5935
327,327,6991
288,288,7434
1030,1030,6523
271,271,6937
398,398,7714
1290,1290,6438
289,289,7650
374,374,7502
328,328,6175
401,401,6563
494,494,5432
598,598,5518
280,280,16183
2193,2193,6804
267,267,5722
261,261,7660
264,264,6030
2831,2831,10622
631,631,4730
703,703,5897
331,331,6011
440,440,8572
233,233,5932
1155,1155,6160
695,695,6763
332,332,9365
1141,1141,5764
294,294,6399
555,555,6193
312,312,5468
337,337,7095
378,378,7081
289,289,7961
269,269,6325
419,419,7238
289,289,6922
378,378,9407
381,381,8494
303,303,8627
305,305,7365
428,428,6299
1954,1954,6081
382,382,7387
702,702,5912
234,234,5719
222,222,6947
521,521,7372
1947,1947,4345
365,365,7266
1428,1428,7324
324,324,7508
439,439,7793
300,300,8561
398,398,11973
474,474,11235
299,299,7118
308,308,6563
284,284,7323
309,309,6230
413,413,9506
292,292,6277
290,290,9359
326,326,6598
995,995,9974
269,269,6139
295,295,8600
370,370,6676
286,286,7280
290,290,6770
2106,2106,6067
1929,1929,6560
242,242,6484
665,665,7241
327,327,12103
589,589,6855
374,374,7126
426,426,7582
224,224,6426
248,248,8007
284,284,6885
222,222,6741
219,219,7032
272,272,7898
385,385,7540
304,304,7943
491,491,6891
279,279,7779
290,290,6556
795,795,8647
322,322,7956
931,931,6667
335,335,7311
310,310,8453
466,466,7250
404,404,7981
1141,1141,5579
296,296,8593
372,372,8472
314,314,6999
282,282,7276
3133,3133,4939
1373,1373,6540
205,205,7578
427,427,7067
587,587,8367
669,669,7139
347,347,11123
596,596,11248
245,245,9797
280,280,6970
610,610,8009
2114,2114,5616
332,332,8248
276,276,9577
265,265,7955
346,346,7824
253,253,7350
239,239,5799
1488,1488,10124
918,918,7201
270,270,6801
613,613,7841
1545,1545,6639
1648,1648,8204
472,472,12311
763,763,10364
595,595,6301
3451,3451,7813
345,345,6406
330,330,7764
899,899,5777
1627,1627,6962
2156,2156,7352
344,344,7532
287,287,7409
351,351,8600
1233,1233,6590
297,297,8859
376,376,7790
361,361,7880
282,282,7322
341,341,8335
456,456,9256
310,310,7437
756,756,8040
2241,2241,5634
292,292,8081
245,245,8506
222,222,6410
338,338,7583
288,288,7556
257,257,8652
291,291,11565
512,512,6881
403,403,10612
288,288,8011
259,259,7556
599,599,11699
481,481,7294
877,877,9905
286,286,7396
389,389,8626
612,612,9452
501,501,10860
165,165,9096
301,301,11892
337,337,7605
407,407,8346
308,308,8372
257,257,9480
344,344,8180
700,700,6992
355,355,7589
310,310,11658
277,277,9555
402,402,7316
262,262,7326
570,570,16460
437,437,6200
296,296,7911
387,387,7274
317,317,8748
360,360,9332
389,389,7848
291,291,7509
609,609,6355
249,249,8348
491,491,8769
233,233,7173
302,302,7768
443,443,7569
288,288,12759
269,269,8676
728,728,8909
491,491,6976
382,382,10861
266,266,7407
649,649,8129
345,345,6022
232,232,8356
224,224,9107
244,244,7359
1249,1249,8814
450,450,10204
511,511,7824
511,511,8193
500,500,7390
239,239,8165
882,882,10713
359,359,7740
359,359,8726
616,616,13111
225,225,7763
311,311,11463
242,242,8597
551,551,7101
347,347,7715
399,399,8164
326,326,7453
574,574,14333
617,617,7240
1229,1229,6223
7120,7120,7280
255,255,8088
426,426,12527
1021,1021,8794
283,283,7745
234,234,8972
364,364,10388
344,344,8768
289,289,9169
258,258,10108
392,392,7611
399,399,9231
288,288,6979
433,433,15928
358,358,7961
212,212,7712
239,239,7453
367,367,11704
753,753,7549
782,782,7201
247,247,7137
484,484,10011
300,300,8242
1022,1022,11496
1487,1487,9746
470,470,7743
646,646,17815
533,533,12459
345,345,9726
373,373,12748
292,292,8275
458,458,8353
1584,1584,8044
282,282,8997
292,292,8973
351,351,8328
295,295,7960
303,303,7039
340,340,9559
2593,2593,9681
634,634,9059
902,902,9268
283,283,8566
294,294,8379
1806,1806,8884
330,330,8277
334,334,10815
818,818,8934
335,335,9286
263,263,10192
478,478,7395
350,350,12510
245,245,8073
526,526,9248
689,689,11021
271,271,7931
273,273,9416
265,265,10932
387,387,11363
241,241,10042
792,792,26859
217,217,7786
182,182,7848
750,750,14332
299,299,9236
450,450,9237
685,685,9676
297,297,8672
493,493,9959
408,408,10182
391,391,9184
473,473,10030
258,258,10357
826,826,11265
343,343,9328
625,625,10591
201,201,8396
454,454,10042
1163,1163,8737
216,216,8040
799,799,8598
3412,3412,8450
227,227,9514
548,548,9264
281,281,8871
853,853,10006
334,334,9408
275,275,11488
495,495,11004
300,300,8466
392,392,11369
557,557,8750
2495,2495,12004
286,286,9696
376,376,10661
297,297,9062
342,342,9178
305,305,9640
280,280,9403
320,320,9070
282,282,7929
434,434,8272
239,239,9352
320,320,8279
489,489,10043
233,233,9674
271,271,11013
386,386,9157
327,327,6931
185,185,7761
256,256,10204
285,285,10479
336,336,10705
5370,5370,9907
526,526,9495
284,284,8573
383,383,10928
709,709,9981
284,284,18599
225,225,10689
283,283,10302
1525,1525,15293
628,628,9819
1545,1545,6622
223,223,9124
217,217,11069
313,313,9085
3179,3179,6509
359,359,14938
427,427,11285
306,306,9106
405,405,11811
5272,5272,5272
253,253,8947
610,610,9623
278,278,11863
766,766,8635
650,650,15929
290,290,9020
376,376,10589
266,266,8611
702,702,8236
328,328,8966
487,487,10621
396,396,9905
2284,2284,9062
252,252,14155
591,591,9503
636,636,10022
238,238,13574
280,280,9120
439,439,11251
682,682,8985
444,444,10587
242,242,9328
361,361,9894
1840,1840,8241
250,250,8841
580,580,9072
435,435,10265
439,439,13521
307,307,9911
354,354,10526
536,536,9897
277,277,8810
491,491,10759
542,542,9217
349,349,14178
1554,1554,10579
401,401,7961
312,312,11783
425,425,13300
270,270,11071
561,561,13958
307,307,11310
241,241,8490
341,341,8639
1659,1659,8361
246,246,9109
702,702,9182
523,523,15778
245,245,10521
3369,3369,11523
1264,1264,9391
410,410,16331
281,281,9639
378,378,8933
283,283,10308
418,418,11206
335,335,9299
303,303,10262
299,299,9010
371,371,10468
288,288,10758
543,543,11247
230,230,8802
226,226,10586
247,247,10924
254,254,9755
416,416,9648
434,434,10318
371,371,10730
305,305,10758
538,538,13450
354,354,12704
264,264,10365
175,175,8360
341,341,11645
635,635,15410
539,539,14276
299,299,7746
298,298,11025
581,581,24148
280,280,9523
384,384,11192
318,318,11464
252,252,12526
357,357,10294
290,290,13061
258,258,9540
610,610,10843
323,323,10702
1478,1478,7470
340,340,9010
289,289,11700
266,266,13109
467,467,10484
498,498,11557
363,363,9812
486,486,10949
6395,6395,6743
536,536,9324
225,225,9862
327,327,10501
1211,1211,7473
252,252,8519
328,328,9875
306,306,12593
828,828,9263
269,269,9141
292,292,11324
497,497,9638
396,396,12674
428,428,10491
335,335,12061
283,283,11041
316,316,9011
268,268,11100
366,366,11107
526,526,10661
1087,1087,12616
502,502,9357
234,234,11981
255,255,10234
391,391,12021
251,251,9631
678,678,9257
338,338,10815
273,273,11212
189,189,13459
270,270,12360
248,248,10292
2258,2258,11905
300,300,10846
256,256,10252
367,367,14353
246,246,10255
233,233,11801
987,987,9295
398,398,7932
376,376,11048
359,359,10328
976,976,10064
402,402,10832
359,359,14163
656,656,13512
306,306,11142
227,227,9506
482,482,11690
447,447,12469
234,234,10222
500,500,18248
349,349,12743
1628,1628,13439
373,373,13540
372,372,14308
332,332,9944
277,277,16643
255,255,10271
290,290,12280
378,378,13356
358,358,12668
487,487,9386
285,285,12325
228,228,12671
297,297,12291
367,367,9081
668,668,12047
482,482,12094
535,535,10998
391,391,13280
690,690,9728
501,501,13019
275,275,13147
371,371,14988
202,202,10304
296,296,11659
292,292,14172
1321,1321,11276
405,405,13706
3625,3625,9771
1337,1337,14911
230,230,9882
264,264,9464
390,390,16743
416,416,11303
370,370,10826
312,312,10318
340,340,9888
896,896,10690
496,496,10917
245,245,10491
476,476,12301
593,593,10209
401,401,9854
538,538,10187
335,335,12589
249,249,11442
339,339,12051
297,297,12628
428,428,11863
270,270,11822
428,428,11789
252,252,10088
274,274,9669
231,231,15043
226,226,10655
431,431,12765
276,276,12582
532,532,10609
629,629,16454
619,619,10516
312,312,11932
291,291,12648
390,390,12160
235,235,11246
384,384,11030
192,192,12060
342,342,13430
467,467,15275
327,327,12943
367,367,14137
474,474,18217
389,389,12818
349,349,16067
575,575,8784
330,330,14927
265,265,11554
395,395,12431
283,283,14340
445,445,11341
317,317,11095
330,330,14128
290,290,11957
263,263,16206
750,750,10917
1687,1687,14782
465,465,19450
397,397,12432
252,252,10572
297,297,13419
325,325,13733
408,408,11194
394,394,16784
338,338,12178
395,395,11371
297,297,13582
977,977,14470
315,315,12089
415,415,10250
265,265,12260
1103,1103,10443
389,389,12439
324,324,13238
297,297,13494
348,348,18187
293,293,17185
328,328,12748
479,479,13525
591,591,12007
374,374,14289
7471,7471,12466
284,284,13439
236,236,10555
441,441,12070
288,288,10647
289,289,11858
294,294,11668
552,552,13131
267,267,13673
233,233,14007
309,309,14497
253,253,12784
227,227,10242
726,726,18604
288,288,13628
478,478,11725
2446,2446,11380
552,552,13845
254,254,11234
285,285,11082
395,395,11017
249,249,12876
303,303,14036
260,260,11492
609,609,10257
325,325,13748
236,236,11658
351,351,13228
610,610,13094
251,251,13842
399,399,11416
895,895,12355
288,288,13170
322,322,15241
371,371,15144
746,746,14424
443,443,14161
831,831,11535
968,968,17506
1034,1034,10731
827,827,11846
241,241,14055
759,759,12080
345,345,13403
979,979,11637
287,287,13455
298,298,11973
365,365,13997
328,328,20768
355,355,16850
322,322,15089
1234,1234,40759
646,646,13256
248,248,12362
529,529,13788
320,320,11097
426,426,11250
364,364,15746
623,623,12963
247,247,12490
200,200,11888
332,332,15804
309,309,11219
288,288,12933
319,319,14622
409,409,10988
296,296,14447
454,454,16155
333,333,14212
266,266,12677
1389,1389,10396
319,319,17415
380,380,18171
235,235,9922
396,396,14317
423,423,11929
469,469,17144
585,585,12990
316,316,14522
264,264,15062
375,375,14691
256,256,13079
300,300,15493
330,330,10553
375,375,14702
375,375,14753
233,233,11353
315,315,14743
317,317,13554
298,298,13264
238,238,13110
754,754,37490
1159,1159,14940
230,230,14993
490,490,19243
375,375,14909
257,257,12961
559,559,16090
433,433,15016
299,299,12612
396,396,13652
289,289,15308
431,431,12803
352,352,13681
372,372,12557
685,685,11704
2218,2218,14867
479,479,19013
3536,3536,16469
579,579,17442
247,247,12895
366,366,14076
366,366,18016
249,249,16291
502,502,16941
315,315,14264
285,285,12453
555,555,27710
9781,9781,9948
851,851,13025
360,360,14998
1223,1223,11754
364,364,33313
281,281,13443
235,235,12736
261,261,11325
269,269,12496
310,310,11955
349,349,14976
386,386,17898
254,254,12518
248,248,14816
429,429,21367
234,234,11780
874,874,31784
185,185,11942
297,297,9846
294,294,15548
354,354,17723
292,292,15114
330,330,14407
305,305,15503
258,258,14658
217,217,17417
359,359,13806
324,324,17772
227,227,12340
257,257,11882
532,532,15631
319,319,11403
401,401,13277
277,277,20328
235,235,17368
367,367,17956
384,384,13403
7124,7124,15093
294,294,12513
274,274,18277
300,300,14859
252,252,11687
707,707,19416
1135,1135,16235
245,245,13815
235,235,14891
252,252,14207
228,228,14596
318,318,15433
303,303,15483
413,413,12009
3136,3136,12362
197,197,13553
401,401,14094
445,445,17162
337,337,16945
375,375,16175
555,555,14783
205,205,17257
255,255,14350
300,300,14821
298,298,12867
266,266,13916
265,265,13515
322,322,17543
238,238,15657
303,303,14152
323,323,19148
352,352,20601
454,454,18352
229,229,15186
256,256,15954
314,314,16040
310,310,16477
1557,1557,33014
226,226,14248
354,354,13988
359,359,15158
325,325,16744
282,282,15579
553,553,16710
659,659,33003
508,508,14663
260,260,15932
240,240,15187
278,278,19110
1170,1170,12442
352,352,14594
313,313,31629
205,205,18079
362,362,12628
280,280,15459
684,684,15132
387,387,20067
325,325,15019
543,543,13740
443,443,16876
471,471,16851
335,335,15959
236,236,13185
342,342,13731
205,205,15360
375,375,16914
269,269,15092
222,222,13982
1358,1358,15332
324,324,19298
279,279,18748
411,411,12995
505,505,13941
223,223,33295
391,391,16714
300,300,15403
312,312,16843
1614,1614,15938
485,485,12441
319,319,18060
303,303,15567
299,299,15326
273,273,14997
337,337,11644
286,286,24471
221,221,14279
344,344,17410
185,185,13698
358,358,17013
614,614,16696
256,256,14802
295,295,14352
195,195,12921
409,409,18165
2156,2156,12331
8576,8576,10181
257,257,14808
261,261,17246
347,347,16463
235,235,15535
480,480,14035
268,268,16350
451,451,23129
511,511,14413
241,241,14435
662,662,17667
245,245,17564
606,606,15755
238,238,15538
2790,2790,17053
296,296,17214
321,321,13982
859,859,10824
282,282,17333
273,273,17417
267,267,15839
438,438,15072
221,221,16839
237,237,14955
298,298,14345
506,506,14303
479,479,16885
402,402,28944
439,439,16321
200,200,16373
1036,1036,17153
635,635,16224
467,467,13618
229,229,14801
436,436,28715
332,332,16072
608,608,17828
278,278,22609
374,374,19915
202,202,13531
575,575,13393
1760,1760,18960
1130,1130,20031
276,276,19405
403,403,17493
363,363,19993
824,824,15005
445,445,17988
3175,3175,13107
266,266,15074
279,279,15734
600,600,18065
332,332,15375
223,223,22084
315,315,17244
289,289,13784
177,177,14089
314,314,20277
3908,3908,12296
267,267,18221
231,231,19583
364,364,15342
246,246,18571
265,265,17924
348,348,18277
265,265,18134
367,367,30997
263,263,20575
2320,2320,32712
234,234,18535
259,259,16516
190,190,15928
469,469,29593
395,395,28651
238,238,14561
1471,1471,15315
270,270,22774
302,302,20150
263,263,18229
219,219,17872
344,344,16232
272,272,15345
267,267,16043
215,215,17609
374,374,19882
342,342,17572
1331,1331,14859
298,298,19228
390,390,34065
390,390,18744
498,498,17070
386,386,18157
195,195,13603
237,237,15222
1063,1063,14768
341,341,19816
324,324,18240
445,445,21333
410,410,31649
440,440,16362
277,277,17889
326,326,20059
449,449,26031
252,252,18904
280,280,17661
242,242,16407
384,384,19287
389,389,21707
315,315,17961
309,309,16835
278,278,22253
259,259,39515
236,236,17083
269,269,15242
197,197,17535
313,313,19945
294,294,23312
419,419,35218
310,310,16572
300,300,19460
392,392,26936
239,239,18284
234,234,21037
1202,1202,16067
298,298,11935
279,279,18258
234,234,17167
233,233,18872
446,446,21407
421,421,18431
285,285,33175
254,254,24430
1662,1662,17740
349,349,19562
293,293,15849
442,442,19485
238,238,19591
258,258,17166
276,276,15505
791,791,26396
353,353,23698
328,328,25193
311,311,19852
305,305,13203
277,277,19863
2437,2437,28495
203,203,15312
347,347,19963
1284,1284,18726
275,275,18838
295,295,13501
259,259,19403
267,267,17165
506,506,22693
471,471,18530
269,269,20603
275,275,20389
239,239,18635
437,437,22067
509,509,18405
253,253,20937
301,301,17997
317,317,21493
225,225,16374
312,312,16170
383,383,19682
192,192,17621
334,334,18138
219,219,16048
286,286,20462
241,241,17922
332,332,22178
263,263,24084
325,325,22405
254,254,19315
263,263,21221
296,296,16739
284,284,20267
223,223,21675
298,298,19305
318,318,20695
516,516,23409
234,234,24106
297,297,14098
204,204,19067
695,695,20946
406,406,24889
277,277,19877
328,328,21408
270,270,17040
523,523,19004
436,436,16262
251,251,21166
349,349,30899
2110,2110,18490
231,231,18805
295,295,22650
222,222,18175
405,405,21107
217,217,17755
227,227,23594
253,253,20717
239,239,14179
250,250,19291
288,288,20530
320,320,22561
254,254,18715
235,235,22231
454,454,22294
300,300,18943
239,239,22357
466,466,18702
332,332,27264
209,209,20220
225,225,19230
211,211,19458
333,333,20195
577,577,18341
418,418,16522
297,297,18779
312,312,36304
608,608,21358
888,888,24333
414,414,19819
631,631,35056
456,456,19045
314,314,21390
289,289,21813
309,309,17977
257,257,22058
340,340,21182
342,342,17698
306,306,20428
510,510,39112
315,315,24724
256,256,23247
265,265,20540
357,357,21250
280,280,16332
303,303,18498
281,281,21364
355,355,19238
387,387,20972
353,353,20353
281,281,20128
1932,1932,21461
194,194,17763
2802,2802,34790
272,272,23034
276,276,31530
423,423,23676
471,471,21784
280,280,19616
461,461,29682
273,273,35867
291,291,18593
315,315,22681
290,290,33522
496,496,21825
262,262,23334
240,240,21327
236,236,24391
307,307,51803
287,287,19595
300,300,20443
245,245,19233
426,426,32350
4735,4735,50585
262,262,20547
312,312,22000
327,327,20999
281,281,25522
426,426,16055
310,310,18411
308,308,19400
274,274,18599
1211,1211,17750
526,526,22279
240,240,20445
419,419,17736
447,447,22239
1644,1644,15812
306,306,16255
204,204,21291
4208,4208,14504
240,240,19993
319,319,28279
254,254,19793
258,258,22101
1744,1744,29417
673,673,22690
2776,2776,16049
236,236,23349
285,285,46842
269,269,18812
375,375,19284
293,293,19605
442,442,26038
381,381,22184
256,256,22572
428,428,17463
292,292,20275
1917,1917,21011
262,262,20753
278,278,19732
254,254,20451
206,206,22261
234,234,19732
284,284,23467
290,290,39421
351,351,22224
268,268,27494
190,190,18238
266,266,20567
306,306,18871
1591,1591,22087
233,233,18210
225,225,21023
322,322,19599
262,262,20755
235,235,20644
319,319,27103
268,268,29892
371,371,20740
296,296,25924
257,257,17712
667,667,26458
196,196,20312
376,376,18100
370,370,21662
279,279,27337
201,201,22288
264,264,22772
247,247,19464
879,879,20492
235,235,23126
376,376,26917
280,280,25416
316,316,22645
309,309,18312
342,342,29188
296,296,22764
256,256,28308
976,976,19990
245,245,22344
544,544,21725
398,398,21441
1414,1414,19609
285,285,25487
390,390,26049
268,268,21690
273,273,23531
251,251,20553
241,241,24276
461,461,26543
334,334,21800
260,260,24428
968,968,26842
444,444,28466
239,239,23905
248,248,33919
573,573,59548
2860,2860,30094
333,333,26916
201,201,18749
207,207,25930
409,409,31077
742,742,29165
604,604,31267
402,402,30624
247,247,24977
258,258,18856
297,297,25326
285,285,29193
190,190,22638
302,302,23287
255,255,23875
256,256,28161
1822,1822,22340
221,221,15726
231,231,23769
288,288,21994
267,267,31168
316,316,26513
380,380,51892
353,353,21573
355,355,22937
267,267,23334
277,277,21212
180,180,18477
778,778,23144
517,517,23266
740,740,28976
289,289,22103
333,333,30753
264,264,35967
396,396,26340
271,271,23903
726,726,28030
429,429,56981
408,408,27277
832,832,25542
996,996,20325
209,209,22287
237,237,23571
272,272,23387
317,317,26720
372,372,31054
216,216,20667
394,394,33464
244,244,25118
270,270,23746
170,170,16649
268,268,31047
207,207,24628
439,439,27904
1905,1905,25181
376,376,45224
803,803,26496
262,262,23220
211,211,21978
261,261,27591
354,354,34107
419,419,23222
398,398,27502
240,240,24263
216,216,23921
220,220,23499
396,396,26890
233,233,25815
261,261,28328
1448,1448,20974
471,471,40955
686,686,21828
656,656,45713
354,354,25922
413,413,28142
391,391,32416
376,376,23098
237,237,34753
367,367,20937
426,426,23542
307,307,28721
230,230,30713
443,443,26001
226,226,22951
275,275,19709
406,406,21503
259,259,20782
246,246,23099
499,499,24732
428,428,24833
1317,1317,33207
327,327,21504
651,651,28448
242,242,25381
237,237,27054
265,265,25952
399,399,21446
414,414,25758
1478,1478,42585
698,698,26465
270,270,28752
241,241,19813
309,309,22636
409,409,32616
264,264,31460
602,602,19316
274,274,33865
301,301,13684
331,331,25464
413,413,29580
474,474,29479
18517,18517,18918
527,527,25732
192,192,22199
321,321,29882
304,304,19109
329,329,26833
364,364,24096
226,226,29294
270,270,30787
227,227,23194
329,329,24377
217,217,29957
262,262,26911
352,352,23527
242,242,22053
240,240,26169
259,259,30158
679,679,37336
240,240,25390
896,896,26857
296,296,22324
267,267,27064
252,252,24937
847,847,20543
544,544,27262
260,260,24650
187,187,24809
297,297,27530
312,312,26326
242,242,26177
188,188,22392
247,247,30156
236,236,30033
389,389,30446
326,326,25673
235,235,27247
300,300,24427
1159,1159,52570
1151,1151,20607
252,252,26352
313,313,28631
197,197,28319
386,386,26125
1048,1048,28321
265,265,30710
228,228,22437
325,325,38775
342,342,27952
345,345,52039
424,424,26572
223,223,31075
510,510,23630
341,341,33079
269,269,42332
482,482,30164
725,725,21258
2140,2140,21905
363,363,30949
289,289,27249
373,373,24879
297,297,38150
849,849,21324
270,270,31325
367,367,30676
271,271,33683
327,327,31229
289,289,25773
275,275,26738
266,266,27625
251,251,28402
316,316,24217
338,338,26079
810,810,28845
307,307,28462
324,324,26292
351,351,22531
421,421,29289
187,187,31193
282,282,25544
319,319,32024
316,316,30254
908,908,23816
330,330,72489
615,615,29940
239,239,27820
713,713,43054
232,232,32265
271,271,31434
525,525,28409
301,301,26986
300,300,27690
274,274,22143
1878,1878,20162
225,225,34470
324,324,34541
255,255,31590
166,166,26485
239,239,37598
258,258,29253
193,193,22745
395,395,29671
290,290,29770
1047,1047,26632
861,861,39995
302,302,36204
235,235,22010
228,228,25863
256,256,28804
347,347,26578
184,184,69645
484,484,27663
326,326,30884
282,282,28546
303,303,32305
292,292,35517
299,299,27551
302,302,41544
274,274,26651
263,263,32191
369,369,29461
374,374,23232
256,256,26774
248,248,26958
364,364,36659
306,306,32274
265,265,29864
225,225,24408
299,299,33167
349,349,27717
218,218,26599
308,308,20950
308,308,29419
253,253,34025
247,247,23952
372,372,29172
302,302,30162
251,251,25241
284,284,29510
304,304,37256
236,236,28519
283,283,34874
383,383,26571
233,233,31332
211,211,28252
178,178,24943
280,280,28508
308,308,63472
306,306,27956
256,256,40743
270,270,28669
354,354,24072
628,628,26312
331,331,23428
373,373,27393
214,214,23907
375,375,64267
340,340,36627
318,318,26181
244,244,30708
418,418,24723
340,340,30898
275,275,29292
248,248,29759
205,205,27745
237,237,28050
260,260,23168
380,380,27339
284,284,24826
263,263,30954
1653,1653,23431
514,514,32173
466,466,31704
310,310,29789
353,353,49234
312,312,24716
439,439,35963
295,295,29030
398,398,32708
312,312,35300
257,257,30647
335,335,34738
218,218,28068
491,491,29114
265,265,30660
287,287,24693
334,334,28950
253,253,26579
275,275,34800
261,261,22213
237,237,24385
335,335,27389
334,334,41874
279,279,28190
387,387,39852
348,348,30593
378,378,30653
202,202,32297
348,348,37777
512,512,32338
350,350,33471
589,589,24060
819,819,30352
302,302,26825
186,186,25377
184,184,24112
1168,1168,28896
257,257,34508
414,414,29707
252,252,28029
248,248,27390
413,413,45355
320,320,28807
375,375,32042
452,452,34270
257,257,28839
414,414,35397
535,535,61161
291,291,34661
264,264,32597
269,269,33354
841,841,34935
213,213,28902
299,299,26237
217,217,29406
441,441,25163
216,216,64574
1234,1234,28917
281,281,30592
231,231,27669
504,504,58543
340,340,34918
382,382,34169
296,296,28002
320,320,37347
275,275,32186
353,353,26661
344,344,34509
219,219,23656
385,385,34380
209,209,28300
276,276,31241
280,280,31839
286,286,35283
326,326,39560
247,247,37693
255,255,27792
259,259,33336
354,354,32453
329,329,36895
346,346,28428
271,271,35305
273,273,41214
364,364,30682
296,296,30806
303,303,31647
290,290,37370
312,312,28226
225,225,37332
266,266,42541
257,257,35950
258,258,32698
181,181,27370
213,213,37148
598,598,26777
338,338,34420
3930,3930,55589
16625,16625,16625
325,325,39311
389,389,37740
278,278,29299
268,268,30516
261,261,31510
291,291,28195
304,304,36372
284,284,36274
261,261,34744
210,210,31647
299,299,30444
210,210,29942
221,221,28172
235,235,39731
281,281,32691
231,231,31966
193,193,30359
588,588,37770
767,767,35890
219,219,30143
259,259,29871
377,377,30167
364,364,31422
278,278,35386
489,489,43483
329,329,33678
316,316,36312
303,303,30152
219,219,29306
578,578,33334
272,272,35842
335,335,29465
320,320,33295
318,318,59986
276,276,28752
251,251,30380
272,272,34298
283,283,32719
279,279,31717
246,246,34895
251,251,48925
274,274,44171
527,527,33698
842,842,44356
308,308,30651
2740,2740,27788
277,277,31306
290,290,34176
238,238,31463
327,327,38872
236,236,35851
336,336,31803
226,226,35374
272,272,53823
218,218,32849
413,413,99644
288,288,30633
328,328,38572
367,367,36738
239,239,37953
258,258,36802
250,250,56307
223,223,35217
271,271,30464
293,293,31266
778,778,30029
223,223,37234
378,378,62371
234,234,44707
228,228,24992
244,244,35199
243,243,31994
641,641,42836
280,280,28965
343,343,31290
238,238,38514
300,300,35227
398,398,33533
265,265,38528
304,304,34438
364,364,33435
307,307,30785
364,364,46268
277,277,37708
725,725,29684
260,260,36244
336,336,38185
376,376,30983
224,224,33559
1514,1514,64652
278,278,30910
337,337,35414
280,280,30830
379,379,61018
251,251,33783
252,252,48321
345,345,31791
331,331,41211
290,290,69319
246,246,29765
379,379,33956
501,501,37217
604,604,32606
324,324,39290
323,323,57617
256,256,55906
275,275,42102
324,324,51980
287,287,39766
299,299,62106
248,248,40635
290,290,32177
232,232,28386
366,366,38351
255,255,33134
267,267,41861
256,256,32023
251,251,29890
247,247,33508
306,306,31404
694,694,52450
326,326,49388
253,253,40696
219,219,27002
401,401,34152
200,200,42397
6192,6192,58783
238,238,32998
260,260,45881
255,255,33607
288,288,42291
299,299,34143
301,301,42405
360,360,33076
238,238,32742
390,390,30114
749,749,30506
328,328,37707
292,292,63034
243,243,43487
306,306,29546
288,288,38931
256,256,27920
502,502,33375
325,325,31006
253,253,34017
346,346,61360
236,236,25702
327,327,48869
245,245,37667
311,311,48747
272,272,38402
290,290,40679
647,647,78667
331,331,45806
257,257,67740
234,234,31207
323,323,41202
476,476,44349
437,437,33437
606,606,94530
932,932,59726
302,302,36004
312,312,32727
595,595,41266
276,276,37466
285,285,36253
339,339,35482
278,278,38056
274,274,44392
229,229,38200
234,234,42536
252,252,35228
373,373,34140
284,284,58602
198,198,30804
231,231,38940
274,274,55671
296,296,71114
440,440,50063
332,332,38941
1387,1387,32313
2880,2880,38612
497,497,73694
170,170,31932
465,465,49869
277,277,73828
411,411,37359
260,260,55884
227,227,40725
551,551,37103
363,363,37602
374,374,70261
320,320,34275
240,240,32430
528,528,35040
260,260,43785
348,348,43042
267,267,41410
251,251,37833
222,222,33950
224,224,32757
332,332,76311
348,348,33750
292,292,39993
238,238,44450
536,536,39062
428,428,41841
306,306,40203
233,233,43051
633,633,41814
238,238,32737
394,394,37499
988,988,46389
238,238,46476
806,806,53236
269,269,31362
1078,1078,30411
255,255,42044
323,323,77683
789,789,39811
563,563,48975
286,286,44411
279,279,45359
499,499,45140
1061,1061,38414
299,299,34188
289,289,42002
340,340,46109
249,249,35343
245,245,35738
328,328,41718
290,290,47998
265,265,34279
697,697,52583
420,420,39387
259,259,38052
495,495,36806
393,393,39780
248,248,34922
1420,1420,47766
326,326,54345
418,418,35661
240,240,39298
221,221,44132
211,211,35652
322,322,48932
296,296,38883
234,234,36802
641,641,56621
251,251,37793
228,228,37894
222,222,69140
293,293,48626
376,376,42039
278,278,39254
213,213,40789
279,279,52725
239,239,48641
191,191,41275
271,271,48385
278,278,47192
281,281,46267
229,229,33625
459,459,39071
669,669,59115
254,254,45146
2910,2910,58318
242,242,40220
262,262,36915
184,184,42226
307,307,61640
320,320,44898
409,409,39368
401,401,39012
310,310,63749
281,281,47824
328,328,48078
306,306,45952
223,223,35082
258,258,40140
243,243,39231
241,241,56809
234,234,35207
291,291,51525
280,280,37663
256,256,46661
220,220,39794
219,219,37940
245,245,33862
228,228,71007
294,294,66593
315,315,81745
299,299,46498
380,380,36257
258,258,42430
330,330,45260
257,257,42124
311,311,39687
266,266,38497
605,605,48218
356,356,41240
245,245,45513
295,295,38891
497,497,44292
937,937,102809
263,263,44933
999,999,82838
221,221,41959
321,321,44289
380,380,66625
215,215,40337
278,278,51315
257,257,41206
302,302,47776
335,335,41496
240,240,47148
295,295,37402
317,317,62039
251,251,46445
270,270,50891
270,270,36207
303,303,42619
233,233,47413
249,249,43348
224,224,41741
307,307,68065
411,411,45306
288,288,46041
223,223,52575
253,253,47123
608,608,88496
270,270,59016
547,547,49073
201,201,49761
428,428,75964
238,238,41855
242,242,57932
551,551,45463
320,320,46478
295,295,57831
265,265,65949
255,255,53560
237,237,74496
876,876,103986
323,323,52498
2251,2251,36784
7447,7447,54096
245,245,43572
267,267,54158
338,338,43558
432,432,47533
256,256,36941
409,409,49049
810,810,107074
342,342,44522
383,383,56461
285,285,50183
309,309,43043
307,307,50247
187,187,46479
261,261,44030
280,280,45298
293,293,56518
369,369,63404
462,462,69170
324,324,42859
210,210,40797
643,643,42109
381,381,50606
387,387,48014
208,208,48078
256,256,47937
291,291,40722
199,199,38768
348,348,52292
238,238,45366
309,309,44555
282,282,46108
254,254,39540
234,234,54817
270,270,51094
337,337,52345
303,303,39794
241,241,44801
225,225,36690
257,257,87636
250,250,50505
411,411,44863
231,231,44588
291,291,46964
186,186,37601
334,334,58064
354,354,46810
348,348,57596
315,315,51780
390,390,58865
289,289,51380
249,249,48923
203,203,75274
156,156,69585
276,276,53121
219,219,44137
236,236,49740
485,485,82854
310,310,53907
247,247,40963
1732,1732,88634
11098,11098,39424
225,225,49080
306,306,48296
282,282,49550
328,328,43739
209,209,43713
457,457,46283
240,240,43134
256,256,50531
332,332,86585
359,359,51638
273,273,72437
449,449,55222
357,357,39692
1376,1376,46730
1138,1138,55798
291,291,86595
262,262,46034
647,647,50763
422,422,47386
232,232,53738
305,305,46502
221,221,48064
295,295,47485
255,255,47803
320,320,95227
423,423,46244
389,389,48833
372,372,47154
369,369,46299
312,312,45723
286,286,43845
300,300,52868
283,283,56663
1360,1360,47140
526,526,65667
231,231,40470
226,226,48303
289,289,54928
244,244,44505
234,234,67889
331,331,46790
609,609,55747
1196,1196,130578
248,248,43499
232,232,44727
298,298,53038
332,332,49653
280,280,51916
289,289,98843
239,239,59716
249,249,44920
289,289,55774
260,260,48285
215,215,43008
285,285,93300
294,294,51054
291,291,54785
362,362,54100
238,238,45513
251,251,85840
626,626,58217
251,251,83165
356,356,45804
250,250,59575
284,284,63203
1270,1270,41576
404,404,60932
365,365,54123
329,329,51491
239,239,102435
505,505,46874
280,280,40528
388,388,98124
326,326,45273
273,273,44576
232,232,69682
487,487,132369
188,188,53884
293,293,50910
273,273,70189
322,322,50140
366,366,81581
261,261,51649
558,558,48783
260,260,43364
358,358,95532
231,231,52383
402,402,57912
563,563,89850
1030,1030,87387
241,241,52212
244,244,38702
219,219,44262
505,505,82400
494,494,66084
413,413,61383
231,231,57005
205,205,49689
250,250,63404
281,281,62614
275,275,61352
309,309,56981
276,276,56084
322,322,82997
276,276,63104
265,265,66131
307,307,90543
239,239,53634
251,251,64435
216,216,69187
307,307,60627
629,629,89532
214,214,63692
345,345,49481
238,238,65368
254,254,48119
1253,1253,58870
326,326,105929
270,270,104928
582,582,53968
290,290,100236
277,277,75027
237,237,48020
445,445,52123
309,309,55418
234,234,59167
231,231,52459
719,719,71681
287,287,87788
237,237,51878
330,330,108799
256,256,62575
231,231,50774
261,261,57086
248,248,52180
231,231,45511
368,368,71084
249,249,47248
266,266,57509
554,554,62673
304,304,54240
321,321,66381
245,245,86930
230,230,49972
289,289,124799
825,825,99964
265,265,86417
8601,8601,50623
258,258,64952
254,254,56323
195,195,48102
237,237,63300
233,233,54989
218,218,46090
230,230,45524
223,223,59524
599,599,69477
245,245,61458
252,252,60351
227,227,54463
263,263,67677
292,292,52583
267,267,62420
233,233,55798
266,266,55827
262,262,55085
853,853,63731
232,232,57170
244,244,61876
331,331,76485
321,321,66305
323,323,82249
448,448,70361
231,231,54879
248,248,127266
225,225,66619
313,313,61578
327,327,70406
286,286,56886
213,213,57176
316,316,68085
238,238,48890
215,215,51482
235,235,58391
310,310,67050
299,299,56717
343,343,61045
258,258,99202
283,283,62833
238,238,49443
188,188,53300
588,588,52291
247,247,56243
244,244,57968
268,268,57253
255,255,68598
286,286,79087
263,263,105967
250,250,69411
284,284,123443
298,298,118213
168,168,48667
786,786,51261
229,229,50876
281,281,69622
236,236,81817
328,328,88572
302,302,63563
1020,1020,55297
286,286,67496
216,216,49687
315,315,116164
280,280,58818
202,202,46018
1010,1010,117308
311,311,60630
826,826,61636
270,270,84212
350,350,116470
320,320,69067
384,384,55006
304,304,74229
306,306,96672
266,266,62279
303,303,68952
199,199,72177
581,581,68198
278,278,66802
252,252,71952
347,347,93040
226,226,80494
238,238,49791
363,363,82689
206,206,101093
250,250,52103
345,345,69225
255,255,57250
257,257,79961
571,571,54129
276,276,82090
229,229,58190
370,370,71429
465,465,129631
300,300,79580
255,255,119543
184,184,50399
240,240,59119
499,499,158684
246,246,59207
266,266,58479
237,237,68585
258,258,68930
275,275,69387
269,269,69347
520,520,120460
676,676,156287
332,332,106092
186,186,56214
218,218,59670
235,235,58162
778,778,163972
236,236,60533
305,305,56923
589,589,49414
213,213,79164
390,390,85310
519,519,87134
222,222,67813
238,238,61624
262,262,79326
233,233,76756
288,288,60160
172,172,64106
174,174,60607
397,397,125352
232,232,52141
300,300,86633
253,253,69984
226,226,56165
276,276,60930
237,237,60843
212,212,57897
314,314,63625
597,597,60420
364,364,72388
1757,1757,58133
311,311,110412
305,305,69331
592,592,84648
293,293,62969
297,297,56141
246,246,65133
341,341,63503
284,284,62822
331,331,102705
255,255,59068
235,235,72595
304,304,63304
196,196,49716
290,290,68337
205,205,83585
395,395,68237
235,235,72233
234,234,73716
225,225,59166
255,255,70758
259,259,56204
246,246,87334
413,413,75663
223,223,90509
488,488,140126
227,227,60637
231,231,78304
284,284,72842
1010,1010,57290
247,247,125581
820,820,88030
288,288,70369
250,250,69277
211,211,64699
172,172,73162
345,345,99116
290,290,62599
187,187,60953
243,243,63264
289,289,69398
292,292,83336
313,313,66985
332,332,89338
275,275,68333
212,212,76389
266,266,101365
230,230,72507
229,229,85489
322,322,69767
211,211,76061
283,283,89955
178,178,68188
217,217,76853
338,338,79036
665,665,70086
410,410,60224
328,328,73059
273,273,71732
273,273,72256
655,655,81088
4686,4686,75704
259,259,81243
222,222,82085
272,272,81842
262,262,75977
246,246,67710
298,298,75476
338,338,95639
244,244,84829
221,221,84546
238,238,73103
347,347,72963
225,225,65034
296,296,138873
308,308,89940
315,315,75744
198,198,60040
312,312,89375
244,244,79131
331,331,84356
1369,1369,247914
474,474,76797
281,281,96136
273,273,89694
271,271,78072
272,272,82528
311,311,77577
276,276,171837
292,292,69048
191,191,69304
1816,1816,89089
414,414,85807
213,213,74785
199,199,61452
647,647,136196
200,200,86410
307,307,101576
290,290,78386
428,428,88944
244,244,111235
282,282,75249
311,311,223933
220,220,73640
330,330,82810
244,244,74128
236,236,86087
221,221,76247
252,252,63358
325,325,73864
413,413,69632
866,866,101072
245,245,75496
284,284,96032
180,180,68988
249,249,86195
225,225,77191
342,342,76815
272,272,107167
832,832,97205
252,252,77617
244,244,66668
467,467,72718
232,232,84504
263,263,77664
229,229,66683
237,237,72049
431,431,127725
2380,2380,132787
275,275,94532
303,303,87984
736,736,91566
174,174,70852
254,254,74855
244,244,81514
271,271,76155
250,250,154717
265,265,121139
290,290,138698
315,315,74795
262,262,79126
319,319,72857
313,313,147475
357,357,118342
238,238,89669
771,771,219134
232,232,75162
222,222,62050
248,248,95550
292,292,113282
232,232,70879
278,278,89992
224,224,69495
315,315,106209
249,249,83054
215,215,122003
267,267,138811
274,274,150506
233,233,169165
233,233,76317
252,252,112851
240,240,112357
326,326,76955
226,226,96029
276,276,90184
370,370,114626
185,185,70904
2027,2027,109509
261,261,75372
282,282,99073
250,250,74801
203,203,83738
383,383,81537
383,383,81560
287,287,76089
222,222,78170
261,261,119215
275,275,78990
223,223,77766
980,980,84564
338,338,95924
237,237,75135
245,245,98939
231,231,68303
244,244,74341
199,199,103545
282,282,79696
235,235,143244
279,279,110707
259,259,75099
219,219,103815
241,241,84894
223,223,106318
247,247,88648
247,247,91930
220,220,84426
220,220,69670
301,301,77177
277,277,89186
235,235,76602
277,277,91899
338,338,150036
241,241,156710
366,366,80127
212,212,69530
251,251,131237
266,266,84806
308,308,90558
230,230,127073
351,351,139166
239,239,83432
307,307,155980
254,254,100508
238,238,145977
227,227,97062
252,252,68958
276,276,76722
260,260,83531
363,363,65686
229,229,87510
235,235,84472
380,380,97197
287,287,113679
263,263,89848
185,185,86151
272,272,95232
212,212,78004
233,233,73478
318,318,91474
263,263,84025
242,242,103523
337,337,101712
223,223,83534
266,266,90850
397,397,162189
286,286,86446
247,247,94905
240,240,155134
215,215,138596
325,325,138175
269,269,83216
212,212,77375
281,281,115642
720,720,85169
184,184,87016
240,240,106274
228,228,88653
706,706,114294
465,465,83478
225,225,83899
213,213,85025
632,632,303407
