UseCase,Serving Name,Batching_Strategy,Hardware,Parallelism,Max_Batch_Size,Chunk_Size,Cost,HW_Combination,Vendor,Energy_Used,TTFT_avg,TPOT_avg,rps,TTFT_p50,TTFT_p90,TTFT_p95,TTFT_p99,output_throughput,total_token_throughput,tokens_per_dollar,num_completed,num_ttft_observed
codegen-100.0rps,"h200_sxm|{'TP': 1, 'PP': 1, 'DP': 8}|CHUNKED|bs128|cs2048",CHUNKED,h200_sxm,"{'TP': 1, 'PP': 1, 'DP': 8}",128,2048,50.48,['h200_sxm_1'],Nvidia,4.335111992910104,74.82449725264954,11.183976479436941,3.31632146382156,23.712147532839538,78.86734654411941,181.17179021724894,1773.7312626577416,1640.079280713562,-90856.72586649595,32.48968464171082,199,200
codegen-100.0rps,"h200_sxm|{'TP': 2, 'PP': 1, 'DP': 4}|CHUNKED|bs128|cs2048",CHUNKED,h200_sxm,"{'TP': 2, 'PP': 1, 'DP': 4}",128,2048,50.48,['h200_sxm_2'],Nvidia,2.0508746718347948,90.29287932082428,11.099226685880563,4.35105142663963,38.34905293276634,260.17251688386494,366.8048793400805,455.9481608557585,2158.8611863557853,-118591.21343214737,42.766663755067064,200,200
codegen-100.0rps,"etched|{'TP': 1, 'PP': 1, 'DP': 8}|CHUNKED|bs128|cs2048",CHUNKED,etched,"{'TP': 1, 'PP': 1, 'DP': 8}",128,2048,96.0,['etched_1'],Etched,3.1219199709974483,10.50813431837971,6.3294009052854125,4.925774994807856,9.906790991832338,13.415241662290942,14.236504294695813,23.055812505026648,2444.021779173814,-134255.74107248418,25.45856019972723,200,200
codegen-100.0rps,"b200_sxm|{'TP': 2, 'PP': 1, 'DP': 4}|CHUNKED|bs128|cs2048",CHUNKED,b200_sxm,"{'TP': 2, 'PP': 1, 'DP': 4}",128,2048,68.8,['b200_sxm_2'],Nvidia,1.6068025334274043,50.21964344354656,7.36627679881325,6.324446751152752,21.313300730691367,134.95262136251404,195.70677111216136,360.0641451194052,3138.0007445194606,-172377.6027821991,45.61047593778286,200,200
codegen-100.0rps,"etched|{'TP': 2, 'PP': 1, 'DP': 4}|CHUNKED|bs128|cs2048",CHUNKED,etched,"{'TP': 2, 'PP': 1, 'DP': 4}",128,2048,96.0,['etched_2'],Etched,1.5670013328279149,33.99837454957358,7.1280882531801755,6.370799573152209,20.13717915127077,54.81675007634142,128.183175853136,227.4282636523685,3160.9996242109314,-173640.98417393904,32.92707941886387,200,200
codegen-100.0rps,"mi350x|{'TP': 1, 'PP': 1, 'DP': 8}|CHUNKED|bs128|cs2048",CHUNKED,mi350x,"{'TP': 1, 'PP': 1, 'DP': 8}",128,2048,60.0,['mi350x_1'],AMD,3.130558362066331,15.688462944776518,6.4621784542060805,4.909662194853006,11.727510329616933,21.883880154516696,32.908139266287705,80.89711375438625,2436.027091220216,-133816.57446398676,40.60045152033693,200,200
codegen-100.0rps,"mi350x|{'TP': 2, 'PP': 1, 'DP': 4}|CHUNKED|bs128|cs2048",CHUNKED,mi350x,"{'TP': 2, 'PP': 1, 'DP': 4}",128,2048,60.0,['mi350x_2'],AMD,1.606652290035976,50.37345410438647,7.356055982740314,6.325641518494741,22.453429891286405,134.27980388099866,197.96754183771426,360.6097762505728,3138.593552231536,-172410.16707412823,52.30989253719226,200,200
codegen-100.0rps,"mi355x|{'TP': 1, 'PP': 1, 'DP': 8}|CHUNKED|bs128|cs2048",CHUNKED,mi355x,"{'TP': 1, 'PP': 1, 'DP': 8}",128,2048,76.0,['mi355x_1'],AMD,3.130245778073361,14.943725731234316,6.442637396117504,4.912044805836858,11.844221259763685,21.017765559970524,29.734235596328205,77.86919783416808,2437.2092713120737,-133881.514337136,32.068543043579915,200,200
codegen-100.0rps,"mi355x|{'TP': 2, 'PP': 1, 'DP': 4}|CHUNKED|bs128|cs2048",CHUNKED,mi355x,"{'TP': 2, 'PP': 1, 'DP': 4}",128,2048,76.0,['mi355x_2'],AMD,1.602129556489601,47.841433959835804,7.324822919009576,6.3315541039591645,21.924479434793398,123.88884426639605,191.39828858606106,346.46628720670464,3141.5271997614186,-172571.31908452604,41.33588420738709,200,200
codegen-100.0rps,"tpu_v7|{'TP': 1, 'PP': 1, 'DP': 8}|CHUNKED|bs128|cs2048",CHUNKED,tpu_v7,"{'TP': 1, 'PP': 1, 'DP': 8}",128,2048,64.0,['tpu_v7_1'],TPU,3.1504109363550348,15.683942454516668,6.528555940620884,4.861575357221336,11.597656336726573,23.322592148266427,34.119571204292185,85.44136746173128,2412.1678449925103,-132505.931158339,37.69012257800797,200,200
codegen-100.0rps,"tpu_v7|{'TP': 2, 'PP': 1, 'DP': 4}|CHUNKED|bs128|cs2048",CHUNKED,tpu_v7,"{'TP': 2, 'PP': 1, 'DP': 4}",128,2048,64.0,['tpu_v7_2'],TPU,1.6100807529087002,49.89361333909576,7.403805922481631,6.284334631974764,22.037145533072476,130.46921905377005,196.71864963825678,357.4112039694633,3118.098314346919,-171284.3164887925,48.72028616167061,200,200
codegen-100.0rps,"etched-etched|{'TP': 1, 'PP': 1, 'DP': 1}-{'TP': 1, 'PP': 1, 'DP': 7}|DISAGGREGATED|bs128|cs2048",DISAGGREGATED,etched-etched,"{'TP': 1, 'PP': 1, 'DP': 1}-{'TP': 1, 'PP': 1, 'DP': 7}",128,2048,96.0,"['etched_1', 'etched_1']",Etched,2.81002965203108,8.41398428558428,6.431620828783633,4.910069243239402,7.2076276409056845,11.504951661115273,12.40895828144235,32.06651027095506,2436.2290564180944,-133827.66887711477,25.37738600435515,200,200
codegen-100.0rps,"mi350x-mi350x|{'TP': 1, 'PP': 1, 'DP': 1}-{'TP': 1, 'PP': 1, 'DP': 7}|DISAGGREGATED|bs128|cs2048",DISAGGREGATED,mi350x-mi350x,"{'TP': 1, 'PP': 1, 'DP': 1}-{'TP': 1, 'PP': 1, 'DP': 7}",128,2048,60.0,"['mi350x_1', 'mi350x_1']",AMD,2.7353435823271073,199.46755730248094,6.7434175786497645,4.900569366259448,160.55161751683886,457.7162594799675,493.545590207485,588.4710994118808,2431.51550245695,-133568.7425101196,40.5252583742825,200,200
codegen-100.0rps,"tpu_v7-tpu_v7|{'TP': 1, 'PP': 1, 'DP': 1}-{'TP': 1, 'PP': 1, 'DP': 7}|DISAGGREGATED|bs128|cs2048",DISAGGREGATED,tpu_v7-tpu_v7,"{'TP': 1, 'PP': 1, 'DP': 1}-{'TP': 1, 'PP': 1, 'DP': 7}",128,2048,64.0,"['tpu_v7_1', 'tpu_v7_1']",TPU,2.829999800599367,199.47943693811226,6.696139604218007,4.85291934778721,160.49873898667533,457.6907837172089,493.50932140989903,588.4348306142948,2407.8729927915797,-132270.0050426447,37.62301551236843,200,200
codegen-100.0rps,"mi355x-mi355x|{'TP': 1, 'PP': 1, 'DP': 1}-{'TP': 1, 'PP': 1, 'DP': 7}|DISAGGREGATED|bs128|cs2048",DISAGGREGATED,mi355x-mi355x,"{'TP': 1, 'PP': 1, 'DP': 1}-{'TP': 1, 'PP': 1, 'DP': 7}",128,2048,76.0,"['mi355x_1', 'mi355x_1']",AMD,2.7005201061152353,142.84876062372066,6.660628933099718,4.902611948088001,37.07926107115682,380.7472530606128,414.56925121190824,450.35665614864826,2432.5289702828236,-133624.41463021902,32.00696013530031,200,200
codegen-100.0rps,"b200_sxm-b200_sxm|{'TP': 2, 'PP': 1, 'DP': 1}-{'TP': 2, 'PP': 1, 'DP': 3}|DISAGGREGATED|bs128|cs2048",DISAGGREGATED,b200_sxm-b200_sxm,"{'TP': 2, 'PP': 1, 'DP': 1}-{'TP': 2, 'PP': 1, 'DP': 3}",128,2048,68.8,"['b200_sxm_2', 'b200_sxm_2']",Nvidia,1.3551605513632592,1317.8132700683318,8.07380462327959,6.31666193773859,1706.1320376184833,2183.2510911936183,2214.8544392687436,2250.7524799636217,3134.138153647756,-172165.42177613796,45.55433362860111,200,200
codegen-100.0rps,"etched-etched|{'TP': 1, 'PP': 1, 'DP': 2}-{'TP': 1, 'PP': 1, 'DP': 6}|DISAGGREGATED|bs128|cs2048",DISAGGREGATED,etched-etched,"{'TP': 1, 'PP': 1, 'DP': 2}-{'TP': 1, 'PP': 1, 'DP': 6}",128,2048,96.0,"['etched_1', 'etched_1']",Etched,2.7356533450528704,6.596034422835602,6.601965197701273,4.895369137134663,5.999881823999999,7.758266731048864,9.476715949275627,14.471205403499757,2428.9353047721056,-133427.00631314947,25.301409424709433,200,200
codegen-100.0rps,"mi350x-mi350x|{'TP': 1, 'PP': 1, 'DP': 2}-{'TP': 1, 'PP': 1, 'DP': 6}|DISAGGREGATED|bs128|cs2048",DISAGGREGATED,mi350x-mi350x,"{'TP': 1, 'PP': 1, 'DP': 2}-{'TP': 1, 'PP': 1, 'DP': 6}",128,2048,60.0,"['mi350x_1', 'mi350x_1']",AMD,2.780259805484085,22.399073822495257,6.581310804581891,4.8605771037393,7.50641887337656,58.71699652740515,119.2660780995859,167.23075433105686,2411.6725415623287,-132478.72300101348,40.19454235937214,200,200
codegen-100.0rps,"mi355x-mi355x|{'TP': 1, 'PP': 1, 'DP': 2}-{'TP': 1, 'PP': 1, 'DP': 6}|DISAGGREGATED|bs128|cs2048",DISAGGREGATED,mi355x-mi355x,"{'TP': 1, 'PP': 1, 'DP': 2}-{'TP': 1, 'PP': 1, 'DP': 6}",128,2048,76.0,"['mi355x_1', 'mi355x_1']",AMD,2.73971935222593,19.213474769112224,6.603542538692486,4.8964345868135215,7.165312553320632,47.55991779065464,99.81313816115747,139.56164787216989,2429.463948939265,-133456.0459538885,31.96663090709559,200,200
codegen-100.0rps,"etched-etched|{'TP': 1, 'PP': 1, 'DP': 3}-{'TP': 1, 'PP': 1, 'DP': 5}|DISAGGREGATED|bs128|cs2048",DISAGGREGATED,etched-etched,"{'TP': 1, 'PP': 1, 'DP': 3}-{'TP': 1, 'PP': 1, 'DP': 5}",128,2048,96.0,"['etched_1', 'etched_1']",Etched,2.493280477855382,6.443995761390652,6.811213554573943,4.864013758143896,5.957219964477417,6.9142857994567395,8.29440389065429,12.27308165570221,2413.377706378257,-132572.39162866806,25.13935110810684,200,200
codegen-100.0rps,"h200_sxm-h200_sxm|{'TP': 2, 'PP': 1, 'DP': 2}-{'TP': 2, 'PP': 1, 'DP': 2}|DISAGGREGATED|bs128|cs2048",DISAGGREGATED,h200_sxm-h200_sxm,"{'TP': 2, 'PP': 1, 'DP': 2}-{'TP': 2, 'PP': 1, 'DP': 2}",128,2048,50.48,"['h200_sxm_2', 'h200_sxm_2']",Nvidia,1.6621717935131648,509.4300220271774,11.924173520077186,4.082930852067058,574.9493876600588,992.0901529290575,1075.9733508009951,1128.3833125840272,2025.8278008701122,-111283.38340053524,40.13129557983582,200,200
codegen-100.0rps,"mi350x-mi350x|{'TP': 1, 'PP': 1, 'DP': 4}-{'TP': 1, 'PP': 1, 'DP': 4}|DISAGGREGATED|bs128|cs2048",DISAGGREGATED,mi350x-mi350x,"{'TP': 1, 'PP': 1, 'DP': 4}-{'TP': 1, 'PP': 1, 'DP': 4}",128,2048,60.0,"['mi350x_1', 'mi350x_1']",AMD,2.3257873045099746,12.774844557943382,7.2041964634180085,4.806454985719478,6.88047500810729,20.583695798337125,41.244921953822406,115.58411340841461,2384.8187702644336,-131003.58354157352,39.74697950440723,200,200
codegen-100.0rps,"etched-etched|{'TP': 2, 'PP': 1, 'DP': 2}-{'TP': 2, 'PP': 1, 'DP': 2}|DISAGGREGATED|bs128|cs2048",DISAGGREGATED,etched-etched,"{'TP': 2, 'PP': 1, 'DP': 2}-{'TP': 2, 'PP': 1, 'DP': 2}",128,2048,96.0,"['etched_2', 'etched_2']",Etched,1.2860229859792276,77.53988892107776,8.66806727817942,6.130997586777805,28.294275617774176,256.31702174699575,292.5306524421859,366.20686120242266,3042.0170726315437,-167104.99878579503,31.687677839911913,200,200
codegen-100.0rps,"mi355x-mi355x|{'TP': 1, 'PP': 1, 'DP': 4}-{'TP': 1, 'PP': 1, 'DP': 4}|DISAGGREGATED|bs128|cs2048",DISAGGREGATED,mi355x-mi355x,"{'TP': 1, 'PP': 1, 'DP': 4}-{'TP': 1, 'PP': 1, 'DP': 4}",128,2048,76.0,"['mi355x_1', 'mi355x_1']",AMD,2.455842738558104,11.796353310147927,7.207896316400885,4.824185190814326,6.551102060550306,18.86852413461976,34.7587027920902,100.87495424179349,2393.615966126344,-131486.83375638947,31.494946922715055,200,200
codegen-100.0rps,"mi350x-mi350x|{'TP': 2, 'PP': 1, 'DP': 2}-{'TP': 2, 'PP': 1, 'DP': 2}|DISAGGREGATED|bs128|cs2048",DISAGGREGATED,mi350x-mi350x,"{'TP': 2, 'PP': 1, 'DP': 2}-{'TP': 2, 'PP': 1, 'DP': 2}",128,2048,60.0,"['mi350x_2', 'mi350x_2']",AMD,1.2961902569572725,167.4413742860132,8.584969318676217,6.151477026596657,65.18710159170121,441.16402550411783,470.9050265889737,527.4771806932797,3052.1783562864634,-167663.1814824321,50.86963927144106,200,200
codegen-100.0rps,"mi355x-mi355x|{'TP': 2, 'PP': 1, 'DP': 2}-{'TP': 2, 'PP': 1, 'DP': 2}|DISAGGREGATED|bs128|cs2048",DISAGGREGATED,mi355x-mi355x,"{'TP': 2, 'PP': 1, 'DP': 2}-{'TP': 2, 'PP': 1, 'DP': 2}",128,2048,76.0,"['mi355x_2', 'mi355x_2']",AMD,1.2438017016598595,154.56465374998155,8.595939123056342,6.130024604612831,57.32911944105115,417.004659380826,453.70228627929276,489.62815078477365,3041.534308070748,-167078.4794174222,40.02018826408879,200,200
codegen-100.0rps,"mi350x-mi350x|{'TP': 1, 'PP': 1, 'DP': 5}-{'TP': 1, 'PP': 1, 'DP': 3}|DISAGGREGATED|bs128|cs2048",DISAGGREGATED,mi350x-mi350x,"{'TP': 1, 'PP': 1, 'DP': 5}-{'TP': 1, 'PP': 1, 'DP': 3}",128,2048,60.0,"['mi350x_1', 'mi350x_1']",AMD,2.253308849259888,12.408231571493745,7.868035800539991,4.76178694871604,6.8239420597505,21.937467390757185,38.106580793018736,95.97881760479936,2362.6558303444376,-129786.12224533668,39.37759717240729,200,200
codegen-100.0rps,"mi355x-mi355x|{'TP': 1, 'PP': 1, 'DP': 5}-{'TP': 1, 'PP': 1, 'DP': 3}|DISAGGREGATED|bs128|cs2048",DISAGGREGATED,mi355x-mi355x,"{'TP': 1, 'PP': 1, 'DP': 5}-{'TP': 1, 'PP': 1, 'DP': 3}",128,2048,76.0,"['mi355x_1', 'mi355x_1']",AMD,2.198591619129252,11.442343433100607,7.786872848605912,4.691250759030171,6.505096929219803,18.86852413461976,31.65098779335834,81.54927961343924,2327.657889108,-127863.60478794418,30.627077488263154,200,200
codegen-100.0rps,"mi350x-mi350x|{'TP': 1, 'PP': 1, 'DP': 6}-{'TP': 1, 'PP': 1, 'DP': 2}|DISAGGREGATED|bs128|cs2048",DISAGGREGATED,mi350x-mi350x,"{'TP': 1, 'PP': 1, 'DP': 6}-{'TP': 1, 'PP': 1, 'DP': 2}",128,2048,60.0,"['mi350x_1', 'mi350x_1']",AMD,2.089067319090618,12.166840671201737,8.64876463021906,4.691007965384093,6.766996785260211,17.63364975089803,43.399139303709006,102.2470506375075,2327.537422184625,-127856.98726259713,38.79229036974375,200,200
codegen-100.0rps,"mi355x-mi355x|{'TP': 1, 'PP': 1, 'DP': 6}-{'TP': 1, 'PP': 1, 'DP': 2}|DISAGGREGATED|bs128|cs2048",DISAGGREGATED,mi355x-mi355x,"{'TP': 1, 'PP': 1, 'DP': 6}-{'TP': 1, 'PP': 1, 'DP': 2}",128,2048,76.0,"['mi355x_1', 'mi355x_1']",AMD,2.0137655470444273,11.176292602371134,8.637757497562987,4.607868444430304,6.492195630972901,16.164295720554183,30.08398799586599,80.07500155094947,2286.286086072984,-125590.9564329657,30.08271165885505,200,200
codegen-100.0rps,"etched-gb300|{'TP': 1, 'PP': 1, 'DP': 1}-{'TP': 1, 'PP': 1, 'DP': 7}|DISAGGREGATED|bs128|cs2048",DISAGGREGATED,etched-gb300,"{'TP': 1, 'PP': 1, 'DP': 1}-{'TP': 1, 'PP': 1, 'DP': 7}",128,2048,96.0,"['etched_1', 'gb300_1']",Mixed,2.8100296520308223,8.413984285584284,6.431620828783633,4.910069243239402,7.2076276409056845,11.504951661115273,12.40895828144235,32.06651027095506,2436.2290564180944,-133827.66887711477,25.37738600435515,200,200
codegen-100.0rps,"etched-etched|{'TP': 2, 'PP': 1, 'DP': 1}-{'TP': 1, 'PP': 1, 'DP': 6}|DISAGGREGATED|bs128|cs2048",DISAGGREGATED,etched-etched,"{'TP': 2, 'PP': 1, 'DP': 1}-{'TP': 1, 'PP': 1, 'DP': 6}",128,2048,96.0,"['etched_2', 'etched_1']",Etched,1.6825102895071655,712.698665970051,6.52953391825946,6.526093698872946,835.8306259413322,1353.37982506636,1471.7238347395473,1538.8413955997028,3238.0519105697895,-177873.6435939933,33.72970740176864,200,200
codegen-100.0rps,"mi355x-mi355x|{'TP': 2, 'PP': 1, 'DP': 1}-{'TP': 1, 'PP': 1, 'DP': 6}|DISAGGREGATED|bs128|cs2048",DISAGGREGATED,mi355x-mi355x,"{'TP': 2, 'PP': 1, 'DP': 1}-{'TP': 1, 'PP': 1, 'DP': 6}",128,2048,76.0,"['mi355x_2', 'mi355x_1']",AMD,1.5547430012052967,1263.3965037009764,7.051455408405231,6.013920647029445,1519.132799527531,2327.3149335241997,2414.747965624492,2488.353050222924,2983.9270074365995,-163913.97781447927,39.26219746627105,200,200
codegen-100.0rps,"b200_sxm-b200_sxm|{'TP': 2, 'PP': 1, 'DP': 2}-{'TP': 1, 'PP': 1, 'DP': 4}|DISAGGREGATED|bs128|cs2048",DISAGGREGATED,b200_sxm-b200_sxm,"{'TP': 2, 'PP': 1, 'DP': 2}-{'TP': 1, 'PP': 1, 'DP': 4}",128,2048,68.8,"['b200_sxm_2', 'b200_sxm_1']",Nvidia,1.5697574068956115,191.4457028870941,6.0326795179361525,6.475931565744138,93.07643548237036,474.9553422784558,509.0423146523783,585.2330710902844,3213.162964975269,-176506.43653234644,46.702950072314955,200,200
codegen-100.0rps,"etched-etched|{'TP': 2, 'PP': 1, 'DP': 2}-{'TP': 1, 'PP': 1, 'DP': 4}|DISAGGREGATED|bs128|cs2048",DISAGGREGATED,etched-etched,"{'TP': 2, 'PP': 1, 'DP': 2}-{'TP': 1, 'PP': 1, 'DP': 4}",128,2048,96.0,"['etched_2', 'etched_1']",Etched,1.4852011873326976,77.53988892107778,6.092423444956955,6.249979362598754,28.294275617774176,256.31702174699575,292.5306524421859,366.20686120242266,3101.052260340624,-170347.93751194462,32.3026277118815,200,200
codegen-100.0rps,"mi355x-mi355x|{'TP': 2, 'PP': 1, 'DP': 2}-{'TP': 1, 'PP': 1, 'DP': 4}|DISAGGREGATED|bs128|cs2048",DISAGGREGATED,mi355x-mi355x,"{'TP': 2, 'PP': 1, 'DP': 2}-{'TP': 1, 'PP': 1, 'DP': 4}",128,2048,76.0,"['mi355x_2', 'mi355x_1']",AMD,1.5534901858043946,154.56465374998163,6.061307241766048,6.547061807384402,57.32911944105115,417.004659380826,453.70228627929276,489.62815078477365,3248.455656969919,-178445.14532723548,42.74283759170946,200,200
codegen-100.0rps,"etched-etched|{'TP': 2, 'PP': 1, 'DP': 3}-{'TP': 1, 'PP': 1, 'DP': 2}|DISAGGREGATED|bs128|cs2048",DISAGGREGATED,etched-etched,"{'TP': 2, 'PP': 1, 'DP': 3}-{'TP': 1, 'PP': 1, 'DP': 2}",128,2048,96.0,"['etched_2', 'etched_1']",Etched,1.28431698494144,29.857971040922667,8.557051208232329,5.963559209742639,14.107275321074425,65.84400488120625,102.18580499206955,278.3465982936689,2958.939173098005,-162541.33856653504,30.82228305310422,200,200
codegen-100.0rps,"etched-gb300|{'TP': 1, 'PP': 1, 'DP': 2}-{'TP': 1, 'PP': 1, 'DP': 6}|DISAGGREGATED|bs128|cs2048",DISAGGREGATED,etched-gb300,"{'TP': 1, 'PP': 1, 'DP': 2}-{'TP': 1, 'PP': 1, 'DP': 6}",128,2048,96.0,"['etched_1', 'gb300_1']",Mixed,2.73565334505267,6.596034422835602,6.601965197701273,4.895369137134663,5.999881823999999,7.758266731048864,9.476715949275627,14.471205403499757,2428.9353047721056,-133427.00631314947,25.301409424709433,200,200
codegen-100.0rps,"mi355x-tpu_v7|{'TP': 2, 'PP': 1, 'DP': 2}-{'TP': 1, 'PP': 1, 'DP': 4}|DISAGGREGATED|bs128|cs2048",DISAGGREGATED,mi355x-tpu_v7,"{'TP': 2, 'PP': 1, 'DP': 2}-{'TP': 1, 'PP': 1, 'DP': 4}",128,2048,70.0,"['mi355x_2', 'tpu_v7_1']",Mixed,1.5534901858042935,154.56465374998163,6.061307241766048,6.547061807384402,57.32911944105115,417.004659380826,453.70228627929276,489.62815078477365,3248.455656969919,-178445.14532723548,46.40650938528456,200,200
codegen-100.0rps,"mi355x-mi350x|{'TP': 1, 'PP': 1, 'DP': 6}-{'TP': 1, 'PP': 1, 'DP': 2}|DISAGGREGATED|bs128|cs2048",DISAGGREGATED,mi355x-mi350x,"{'TP': 1, 'PP': 1, 'DP': 6}-{'TP': 1, 'PP': 1, 'DP': 2}",128,2048,72.0,"['mi355x_1', 'mi350x_1']",Mixed,2.013765547044269,11.176292602371134,8.637757497562987,4.607868444430304,6.492195630972901,16.164295720554183,30.08398799586599,80.07500155094947,2286.286086072984,-125590.9564329657,31.75397341768033,200,200
codegen-100.0rps,"etched-gb300|{'TP': 2, 'PP': 1, 'DP': 2}-{'TP': 1, 'PP': 1, 'DP': 4}|DISAGGREGATED|bs128|cs2048",DISAGGREGATED,etched-gb300,"{'TP': 2, 'PP': 1, 'DP': 2}-{'TP': 1, 'PP': 1, 'DP': 4}",128,2048,96.0,"['etched_2', 'gb300_1']",Mixed,1.4852011873325939,77.53988892107778,6.092423444956955,6.249979362598754,28.294275617774176,256.31702174699575,292.5306524421859,366.20686120242266,3101.052260340624,-170347.93751194462,32.3026277118815,200,200
codegen-100.0rps,"mi355x-mi355x|{'TP': 2, 'PP': 1, 'DP': 3}-{'TP': 1, 'PP': 1, 'DP': 2}|DISAGGREGATED|bs128|cs2048",DISAGGREGATED,mi355x-mi355x,"{'TP': 2, 'PP': 1, 'DP': 3}-{'TP': 1, 'PP': 1, 'DP': 2}",128,2048,76.0,"['mi355x_2', 'mi355x_1']",AMD,1.2346822263341624,49.09402800386674,8.692278902502908,6.017388985762923,15.798694044043074,152.18331506374392,235.18824037197433,283.3393089160159,2985.6478930659896,-164008.51002259765,39.28484069823671,200,200
codegen-100.0rps,"b200_sxm-h200_sxm|{'TP': 2, 'PP': 1, 'DP': 1}-{'TP': 2, 'PP': 1, 'DP': 3}|DISAGGREGATED|bs128|cs2048",DISAGGREGATED,b200_sxm-h200_sxm,"{'TP': 2, 'PP': 1, 'DP': 1}-{'TP': 2, 'PP': 1, 'DP': 3}",128,2048,55.06,"['b200_sxm_2', 'h200_sxm_2']",Mixed,1.3551605513631635,1317.8132700683318,8.07380462327959,6.31666193773859,1706.1320376184833,2183.2510911936183,2214.8544392687436,2250.7524799636217,3134.138153647756,-172165.42177613796,56.922233084775804,200,200
codegen-100.0rps,"mi350x-etched|{'TP': 2, 'PP': 1, 'DP': 2}-{'TP': 1, 'PP': 1, 'DP': 4}|DISAGGREGATED|bs128|cs2048",DISAGGREGATED,mi350x-etched,"{'TP': 2, 'PP': 1, 'DP': 2}-{'TP': 1, 'PP': 1, 'DP': 4}",128,2048,78.0,"['mi350x_2', 'etched_1']",Mixed,1.5553368319550083,167.44137428601326,6.1121976103761,6.5574146742515484,65.18710159170121,441.16402550411783,470.9050265889737,527.4771806932797,3253.5924389233905,-178727.3205818784,41.712723575940906,200,200
codegen-100.0rps,"etched-tpu_v7|{'TP': 1, 'PP': 1, 'DP': 3}-{'TP': 1, 'PP': 1, 'DP': 5}|DISAGGREGATED|bs128|cs2048",DISAGGREGATED,etched-tpu_v7,"{'TP': 1, 'PP': 1, 'DP': 3}-{'TP': 1, 'PP': 1, 'DP': 5}",128,2048,76.0,"['etched_1', 'tpu_v7_1']",Mixed,2.4932804778552042,6.443995761390654,6.811213554573943,4.864013758143896,5.957219964477417,6.9142857994567395,8.29440389065429,12.27308165570221,2413.377706378257,-132572.39162866806,31.754969820766537,200,200
codegen-100.0rps,"mi355x-b200_sxm|{'TP': 1, 'PP': 1, 'DP': 5}-{'TP': 1, 'PP': 1, 'DP': 3}|DISAGGREGATED|bs128|cs2048",DISAGGREGATED,mi355x-b200_sxm,"{'TP': 1, 'PP': 1, 'DP': 5}-{'TP': 1, 'PP': 1, 'DP': 3}",128,2048,73.3,"['mi355x_1', 'b200_sxm_1']",Mixed,2.198591619129135,11.442343433100607,7.786872848605912,4.691250759030171,6.505096929219803,18.86852413461976,31.65098779335834,81.54927961343924,2327.657889108,-127863.60478794418,31.75522358946794,200,200
codegen-100.0rps,"mi355x-h200_sxm|{'TP': 1, 'PP': 1, 'DP': 1}-{'TP': 1, 'PP': 1, 'DP': 7}|DISAGGREGATED|bs128|cs2048",DISAGGREGATED,mi355x-h200_sxm,"{'TP': 1, 'PP': 1, 'DP': 1}-{'TP': 1, 'PP': 1, 'DP': 7}",128,2048,53.669999999999995,"['mi355x_1', 'h200_sxm_1']",Mixed,2.700520106114969,142.84876062372064,6.660628933099718,4.902611948088001,37.07926107115682,380.7472530606128,414.56925121190824,450.35665614864826,2432.5289702828236,-133624.41463021902,45.32381163187672,200,200
codegen-100.0rps,"tpu_v7-gb300|{'TP': 1, 'PP': 1, 'DP': 1}-{'TP': 1, 'PP': 1, 'DP': 7}|DISAGGREGATED|bs128|cs2048",DISAGGREGATED,tpu_v7-gb300,"{'TP': 1, 'PP': 1, 'DP': 1}-{'TP': 1, 'PP': 1, 'DP': 7}",128,2048,92.0,"['tpu_v7_1', 'gb300_1']",Mixed,2.82999980059915,199.47943693811212,6.696139604218007,4.85291934778721,160.49873898667533,457.6907837172089,493.50932140989903,588.4348306142948,2407.8729927915797,-132270.0050426447,26.172532530343258,200,200
codegen-100.0rps,"mi350x-gb300|{'TP': 2, 'PP': 1, 'DP': 3}-{'TP': 1, 'PP': 1, 'DP': 2}|DISAGGREGATED|bs128|cs2048",DISAGGREGATED,mi350x-gb300,"{'TP': 2, 'PP': 1, 'DP': 3}-{'TP': 1, 'PP': 1, 'DP': 2}",128,2048,69.0,"['mi350x_2', 'gb300_1']",Mixed,1.2900728825582364,49.647724036139735,8.68175308240065,5.986575628106739,16.55130098632469,151.9142025225948,239.30109030528948,288.2889414327779,2970.359229397721,-163168.66854152654,43.04868448402494,200,200
codegen-100.0rps,"mi355x-b200_sxm|{'TP': 2, 'PP': 1, 'DP': 1}-{'TP': 1, 'PP': 1, 'DP': 6}|DISAGGREGATED|bs128|cs2048",DISAGGREGATED,mi355x-b200_sxm,"{'TP': 2, 'PP': 1, 'DP': 1}-{'TP': 1, 'PP': 1, 'DP': 6}",128,2048,70.6,"['mi355x_2', 'b200_sxm_1']",Mixed,1.5547430012052135,1263.3965037009764,7.051455408405231,6.013920647029445,1519.132799527531,2327.3149335241997,2414.747965624492,2488.353050222924,2983.9270074365995,-163913.97781447927,42.265255062841355,200,200
codegen-100.0rps,"etched-mi350x|{'TP': 1, 'PP': 1, 'DP': 3}-{'TP': 1, 'PP': 1, 'DP': 5}|DISAGGREGATED|bs128|cs2048",DISAGGREGATED,etched-mi350x,"{'TP': 1, 'PP': 1, 'DP': 3}-{'TP': 1, 'PP': 1, 'DP': 5}",128,2048,73.5,"['etched_1', 'mi350x_1']",Mixed,2.4932804778552042,6.443995761390654,6.811213554573943,4.864013758143896,5.957219964477417,6.9142857994567395,8.29440389065429,12.27308165570221,2413.377706378257,-132572.39162866806,32.83507083507833,200,200
codegen-100.0rps,"h200_sxm-tpu_v6e|{'TP': 2, 'PP': 1, 'DP': 2}-{'TP': 2, 'PP': 1, 'DP': 2}|DISAGGREGATED|bs128|cs2048",DISAGGREGATED,h200_sxm-tpu_v6e,"{'TP': 2, 'PP': 1, 'DP': 2}-{'TP': 2, 'PP': 1, 'DP': 2}",128,2048,37.239999999999995,"['h200_sxm_2', 'tpu_v6e_2']",Mixed,1.6621717935130302,509.4300220271775,11.924173520077186,4.082930852067058,574.9493876600588,992.0901529290575,1075.9733508009951,1128.3833125840272,2025.8278008701122,-111283.38340053524,54.39924277309647,200,200
codegen-100.0rps,"mi355x-b200_sxm|{'TP': 2, 'PP': 1, 'DP': 2}-{'TP': 1, 'PP': 1, 'DP': 4}|DISAGGREGATED|bs128|cs2048",DISAGGREGATED,mi355x-b200_sxm,"{'TP': 2, 'PP': 1, 'DP': 2}-{'TP': 1, 'PP': 1, 'DP': 4}",128,2048,72.4,"['mi355x_2', 'b200_sxm_1']",Mixed,1.5534901858042935,154.56465374998163,6.061307241766048,6.547061807384402,57.32911944105115,417.004659380826,453.70228627929276,489.62815078477365,3248.455656969919,-178445.14532723548,44.86817205759556,200,200
codegen-100.0rps,"mi355x-h200_sxm|{'TP': 1, 'PP': 1, 'DP': 5}-{'TP': 1, 'PP': 1, 'DP': 3}|DISAGGREGATED|bs128|cs2048",DISAGGREGATED,mi355x-h200_sxm,"{'TP': 1, 'PP': 1, 'DP': 5}-{'TP': 1, 'PP': 1, 'DP': 3}",128,2048,66.43,"['mi355x_1', 'h200_sxm_1']",Mixed,2.198591619129135,11.442343433100607,7.786872848605912,4.691250759030171,6.505096929219803,18.86852413461976,31.65098779335834,81.54927961343924,2327.657889108,-127863.60478794418,35.03925770146018,200,200
codegen-100.0rps,"mi355x-etched|{'TP': 1, 'PP': 1, 'DP': 6}-{'TP': 1, 'PP': 1, 'DP': 2}|DISAGGREGATED|bs128|cs2048",DISAGGREGATED,mi355x-etched,"{'TP': 1, 'PP': 1, 'DP': 6}-{'TP': 1, 'PP': 1, 'DP': 2}",128,2048,81.0,"['mi355x_1', 'etched_1']",Mixed,2.013765547044269,11.176292602371134,8.637757497562987,4.607868444430304,6.492195630972901,16.164295720554183,30.08398799586599,80.07500155094947,2286.286086072984,-125590.9564329657,28.225754149049184,200,200
codegen-100.0rps,"mi350x-mi355x|{'TP': 1, 'PP': 1, 'DP': 4}-{'TP': 1, 'PP': 1, 'DP': 4}|DISAGGREGATED|bs128|cs2048",DISAGGREGATED,mi350x-mi355x,"{'TP': 1, 'PP': 1, 'DP': 4}-{'TP': 1, 'PP': 1, 'DP': 4}",128,2048,68.0,"['mi350x_1', 'mi355x_1']",Mixed,2.3257873045098085,12.774844557943382,7.2041964634180085,4.806454985719478,6.88047500810729,20.583695798337125,41.244921953822406,115.58411340841461,2384.8187702644336,-131003.58354157352,35.07086426859461,200,200
codegen-100.0rps,"etched-mi355x|{'TP': 1, 'PP': 1, 'DP': 2}-{'TP': 1, 'PP': 1, 'DP': 6}|DISAGGREGATED|bs128|cs2048",DISAGGREGATED,etched-mi355x,"{'TP': 1, 'PP': 1, 'DP': 2}-{'TP': 1, 'PP': 1, 'DP': 6}",128,2048,81.0,"['etched_1', 'mi355x_1']",Mixed,2.73565334505267,6.596034422835602,6.601965197701273,4.895369137134663,5.999881823999999,7.758266731048864,9.476715949275627,14.471205403499757,2428.9353047721056,-133427.00631314947,29.98685561447044,200,200
codegen-100.0rps,"mi355x-h200_sxm|{'TP': 2, 'PP': 1, 'DP': 1}-{'TP': 1, 'PP': 1, 'DP': 6}|DISAGGREGATED|bs128|cs2048",DISAGGREGATED,mi355x-h200_sxm,"{'TP': 2, 'PP': 1, 'DP': 1}-{'TP': 1, 'PP': 1, 'DP': 6}",128,2048,56.86,"['mi355x_2', 'h200_sxm_1']",Mixed,1.5547430012052135,1263.3965037009764,7.051455408405231,6.013920647029445,1519.132799527531,2327.3149335241997,2414.747965624492,2488.353050222924,2983.9270074365995,-163913.97781447927,52.47849116138937,200,200
codegen-100.0rps,"mi355x-etched|{'TP': 1, 'PP': 1, 'DP': 4}-{'TP': 2, 'PP': 1, 'DP': 2}|DISAGGREGATED|bs128|cs2048",DISAGGREGATED,mi355x-etched,"{'TP': 1, 'PP': 1, 'DP': 4}-{'TP': 2, 'PP': 1, 'DP': 2}",128,2048,86.0,"['mi355x_1', 'etched_2']",Mixed,2.073996975457788,11.796353310147925,8.594274507534983,4.645756555577713,6.551102060550306,18.86852413461976,34.7587027920902,100.87495424179349,2305.085030180994,-126623.62569725282,26.803314304430163,200,200
codegen-100.0rps,"h200_sxm-tpu_v7|{'TP': 2, 'PP': 1, 'DP': 1}-{'TP': 1, 'PP': 1, 'DP': 6}|DISAGGREGATED|bs128|cs2048",DISAGGREGATED,h200_sxm-tpu_v7,"{'TP': 2, 'PP': 1, 'DP': 1}-{'TP': 1, 'PP': 1, 'DP': 6}",128,2048,60.62,"['h200_sxm_2', 'tpu_v7_1']",Mixed,2.274794475724119,2447.399057813783,8.93196282403386,4.0044785402584155,2753.6204409890106,3841.144966398082,3928.5779984983737,4002.1830830968056,1986.902117320018,-109145.10601843371,32.77634637611379,200,200
codegen-100.0rps,"mi350x-gb300|{'TP': 2, 'PP': 1, 'DP': 1}-{'TP': 2, 'PP': 1, 'DP': 3}|DISAGGREGATED|bs128|cs2048",DISAGGREGATED,mi350x-gb300,"{'TP': 2, 'PP': 1, 'DP': 1}-{'TP': 2, 'PP': 1, 'DP': 3}",128,2048,87.0,"['mi350x_2', 'gb300_2']",Mixed,1.3541764090048853,1299.8865547427827,8.475235903489168,6.310422618386419,1685.005725922222,2148.9233884498644,2183.1022305330193,2230.1824158244085,3131.0423905647895,-171995.3643853118,35.98899299499758,200,200
codegen-100.0rps,"mi355x-gb300|{'TP': 1, 'PP': 1, 'DP': 2}-{'TP': 1, 'PP': 1, 'DP': 6}|DISAGGREGATED|bs128|cs2048",DISAGGREGATED,mi355x-gb300,"{'TP': 1, 'PP': 1, 'DP': 2}-{'TP': 1, 'PP': 1, 'DP': 6}",128,2048,91.0,"['mi355x_1', 'gb300_1']",Mixed,2.7397193522257104,19.213474769112214,6.603542538692486,4.8964345868135215,7.165312553320632,47.55991779065464,99.81313816115747,139.56164787216989,2429.463948939265,-133456.0459538885,26.697406032299615,200,200
codegen-100.0rps,"mi355x-tpu_v6e|{'TP': 2, 'PP': 1, 'DP': 1}-{'TP': 2, 'PP': 1, 'DP': 3}|DISAGGREGATED|bs128|cs2048",DISAGGREGATED,mi355x-tpu_v6e,"{'TP': 2, 'PP': 1, 'DP': 1}-{'TP': 2, 'PP': 1, 'DP': 3}",128,2048,37.0,"['mi355x_2', 'tpu_v6e_2']",Mixed,1.448168865197386,1263.3965037009764,7.225027648206402,5.901786997476533,1519.132799527531,2327.3149335241997,2414.747965624492,2488.353050222924,2928.2896545379313,-160857.689974341,79.1429636361603,200,200
codegen-100.0rps,"tpu_v7-etched|{'TP': 1, 'PP': 1, 'DP': 2}-{'TP': 1, 'PP': 1, 'DP': 6}|DISAGGREGATED|bs128|cs2048",DISAGGREGATED,tpu_v7-etched,"{'TP': 1, 'PP': 1, 'DP': 2}-{'TP': 1, 'PP': 1, 'DP': 6}",128,2048,88.0,"['tpu_v7_1', 'etched_1']",Mixed,2.7616479500872906,22.46118012788646,6.667197527996482,4.823409253755176,7.58273554879122,58.71445136067223,119.25999764103243,167.21935713088095,2393.2309694357054,-131465.68500213017,27.19580647086029,200,200
codegen-100.0rps,"mi350x-mi355x|{'TP': 2, 'PP': 1, 'DP': 1}-{'TP': 1, 'PP': 1, 'DP': 6}|DISAGGREGATED|bs128|cs2048",DISAGGREGATED,mi350x-mi355x,"{'TP': 2, 'PP': 1, 'DP': 1}-{'TP': 1, 'PP': 1, 'DP': 6}",128,2048,72.0,"['mi350x_2', 'mi355x_1']",Mixed,1.6096362171163465,1299.8865547427822,6.8578584928948185,5.800766148075677,1685.005725922222,2148.9233884498644,2183.1022305330193,2230.1824158244085,2878.166139690709,-158104.28994807514,39.974529717926515,200,200
codegen-100.0rps,"tpu_v7-mi350x|{'TP': 2, 'PP': 1, 'DP': 3}-{'TP': 1, 'PP': 1, 'DP': 2}|DISAGGREGATED|bs128|cs2048",DISAGGREGATED,tpu_v7-mi350x,"{'TP': 2, 'PP': 1, 'DP': 3}-{'TP': 1, 'PP': 1, 'DP': 2}",128,2048,63.0,"['tpu_v7_2', 'mi350x_1']",Mixed,1.2766890847865877,49.67402918880598,8.761585582760082,6.010978582894625,16.599687259778705,151.91307764974692,239.4040339045388,288.2820172204559,2982.467243474826,-163833.789620516,47.340749896425805,200,200
codegen-100.0rps,"mi355x-mi350x|{'TP': 2, 'PP': 1, 'DP': 1}-{'TP': 2, 'PP': 1, 'DP': 3}|DISAGGREGATED|bs128|cs2048",DISAGGREGATED,mi355x-mi350x,"{'TP': 2, 'PP': 1, 'DP': 1}-{'TP': 2, 'PP': 1, 'DP': 3}",128,2048,64.0,"['mi355x_2', 'mi350x_2']",Mixed,1.4481688651973201,1263.3965037009764,7.225027648206402,5.901786997476533,1519.132799527531,2327.3149335241997,2414.747965624492,2488.353050222924,2928.2896545379313,-160857.689974341,45.754525852155176,200,200
codegen-100.0rps,"b200_sxm-etched|{'TP': 2, 'PP': 1, 'DP': 1}-{'TP': 1, 'PP': 1, 'DP': 6}|DISAGGREGATED|bs128|cs2048",DISAGGREGATED,b200_sxm-etched,"{'TP': 2, 'PP': 1, 'DP': 1}-{'TP': 1, 'PP': 1, 'DP': 6}",128,2048,89.2,"['b200_sxm_2', 'etched_1']",Mixed,1.6108615554247947,1317.8132700683318,6.849255093636675,5.795421435897146,1706.1320376184833,2183.2510911936183,2214.8544392687436,2250.7524799636217,2875.514253849087,-157958.615755668,32.236706881716216,200,200
codegen-100.0rps,"etched-h200_sxm|{'TP': 2, 'PP': 1, 'DP': 1}-{'TP': 1, 'PP': 1, 'DP': 6}|DISAGGREGATED|bs128|cs2048",DISAGGREGATED,etched-h200_sxm,"{'TP': 2, 'PP': 1, 'DP': 1}-{'TP': 1, 'PP': 1, 'DP': 6}",128,2048,61.86,"['etched_2', 'h200_sxm_1']",Mixed,1.6825102895070432,712.6986659700514,6.52953391825946,6.526093698872946,835.8306259413322,1353.37982506636,1471.7238347395473,1538.8413955997028,3238.0519105697895,-177873.6435939933,52.34484174862253,200,200
codegen-100.0rps,"etched-h200_sxm|{'TP': 2, 'PP': 1, 'DP': 3}-{'TP': 1, 'PP': 1, 'DP': 2}|DISAGGREGATED|bs128|cs2048",DISAGGREGATED,etched-h200_sxm,"{'TP': 2, 'PP': 1, 'DP': 3}-{'TP': 1, 'PP': 1, 'DP': 2}",128,2048,84.62,"['etched_2', 'h200_sxm_1']",Mixed,1.2843169849413671,29.857971040922653,8.557051208232329,5.963559209742639,14.107275321074425,65.84400488120625,102.18580499206955,278.3465982936689,2958.939173098005,-162541.33856653504,34.967373825313224,200,200
codegen-100.0rps,"tpu_v7-b200_sxm|{'TP': 1, 'PP': 1, 'DP': 2}-{'TP': 1, 'PP': 1, 'DP': 6}|DISAGGREGATED|bs128|cs2048",DISAGGREGATED,tpu_v7-b200_sxm,"{'TP': 1, 'PP': 1, 'DP': 2}-{'TP': 1, 'PP': 1, 'DP': 6}",128,2048,67.6,"['tpu_v7_1', 'b200_sxm_1']",Mixed,2.7616479500870867,22.46118012788647,6.667197527996482,4.823409253755176,7.58273554879122,58.71445136067223,119.25999764103243,167.21935713088095,2393.2309694357054,-131465.68500213017,35.40282499165245,200,200
codegen-100.0rps,"mi350x-tpu_v7|{'TP': 2, 'PP': 1, 'DP': 2}-{'TP': 2, 'PP': 1, 'DP': 2}|DISAGGREGATED|bs128|cs2048",DISAGGREGATED,mi350x-tpu_v7,"{'TP': 2, 'PP': 1, 'DP': 2}-{'TP': 2, 'PP': 1, 'DP': 2}",128,2048,62.0,"['mi350x_2', 'tpu_v7_2']",Mixed,1.2961902569571866,167.44137428601326,8.584969318676217,6.151477026596657,65.18710159170121,441.16402550411783,470.9050265889737,527.4771806932797,3052.1783562864634,-167663.1814824321,49.2286831659107,200,200
codegen-100.0rps,"mi355x-h200_sxm|{'TP': 1, 'PP': 1, 'DP': 6}-{'TP': 1, 'PP': 1, 'DP': 2}|DISAGGREGATED|bs128|cs2048",DISAGGREGATED,mi355x-h200_sxm,"{'TP': 1, 'PP': 1, 'DP': 6}-{'TP': 1, 'PP': 1, 'DP': 2}",128,2048,69.62,"['mi355x_1', 'h200_sxm_1']",Mixed,2.013765547044269,11.176292602371134,8.637757497562987,4.607868444430304,6.492195630972901,16.164295720554183,30.08398799586599,80.07500155094947,2286.286086072984,-125590.9564329657,32.83950137996242,200,200
codegen-100.0rps,"mi350x-tpu_v7|{'TP': 2, 'PP': 1, 'DP': 3}-{'TP': 2, 'PP': 1, 'DP': 1}|DISAGGREGATED|bs128|cs2048",DISAGGREGATED,mi350x-tpu_v7,"{'TP': 2, 'PP': 1, 'DP': 3}-{'TP': 2, 'PP': 1, 'DP': 1}",128,2048,61.0,"['mi350x_2', 'tpu_v7_2']",Mixed,1.0968418897405128,49.64772403613975,11.883315720599755,5.341954128146714,16.55130098632469,151.9142025225948,239.30109030528948,288.2889414327779,2650.517379762555,-145599.0196477761,43.45110458627139,200,200
codegen-100.0rps,"mi350x-tpu_v7|{'TP': 1, 'PP': 1, 'DP': 2}-{'TP': 2, 'PP': 1, 'DP': 3}|DISAGGREGATED|bs128|cs2048",DISAGGREGATED,mi350x-tpu_v7,"{'TP': 1, 'PP': 1, 'DP': 2}-{'TP': 2, 'PP': 1, 'DP': 3}",128,2048,63.0,"['mi350x_1', 'tpu_v7_2']",Mixed,2.344585047913647,22.39907382249526,7.818314432448434,4.702342588032167,7.50641887337656,58.71699652740515,119.2660780995859,167.23075433105686,2333.16132190392,-128165.92101718362,37.03430669688762,200,200
codegen-100.0rps,"mi355x-tpu_v7|{'TP': 2, 'PP': 1, 'DP': 1}-{'TP': 2, 'PP': 1, 'DP': 3}|DISAGGREGATED|bs128|cs2048",DISAGGREGATED,mi355x-tpu_v7,"{'TP': 2, 'PP': 1, 'DP': 1}-{'TP': 2, 'PP': 1, 'DP': 3}",128,2048,67.0,"['mi355x_2', 'tpu_v7_2']",Mixed,1.4481688651973201,1263.3965037009764,7.225027648206402,5.901786997476533,1519.132799527531,2327.3149335241997,2414.747965624492,2488.353050222924,2928.2896545379313,-160857.689974341,43.705815739372106,200,200
codegen-100.0rps,"tpu_v7-tpu_v7|{'TP': 2, 'PP': 1, 'DP': 1}-{'TP': 1, 'PP': 1, 'DP': 6}|DISAGGREGATED|bs128|cs2048",DISAGGREGATED,tpu_v7-tpu_v7,"{'TP': 2, 'PP': 1, 'DP': 1}-{'TP': 1, 'PP': 1, 'DP': 6}",128,2048,64.0,"['tpu_v7_2', 'tpu_v7_1']",TPU,1.6169123581174825,1299.8785465258873,6.908288220340856,5.761650096454574,1684.988003924757,2148.904728753346,2183.0845085355545,2230.1646938269437,2858.7579283578657,-157038.1522329427,44.66809263059165,200,200
codegen-100.0rps,"tpu_v7-tpu_v7|{'TP': 2, 'PP': 1, 'DP': 3}-{'TP': 1, 'PP': 1, 'DP': 2}|DISAGGREGATED|bs128|cs2048",DISAGGREGATED,tpu_v7-tpu_v7,"{'TP': 2, 'PP': 1, 'DP': 3}-{'TP': 1, 'PP': 1, 'DP': 2}",128,2048,64.0,"['tpu_v7_2', 'tpu_v7_1']",TPU,1.2766890847864985,49.67402918880598,8.761585582760082,6.010978582894625,16.599687259778705,151.91307764974692,239.4040339045388,288.2820172204559,2982.467243474826,-163833.789620516,46.601050679294154,200,200
codegen-100.0rps,"tpu_v7-tpu_v7|{'TP': 2, 'PP': 1, 'DP': 2}-{'TP': 1, 'PP': 1, 'DP': 4}|DISAGGREGATED|bs128|cs2048",DISAGGREGATED,tpu_v7-tpu_v7,"{'TP': 2, 'PP': 1, 'DP': 2}-{'TP': 1, 'PP': 1, 'DP': 4}",128,2048,64.0,"['tpu_v7_2', 'tpu_v7_1']",TPU,1.4975110262153275,167.44272468048837,6.097938005516385,6.32229719498858,65.13627911875471,441.1469561750546,470.9273554390721,527.4558706277348,3136.9341992374834,-172319.01499528193,49.01459686308568,200,200
codegen-100.0rps,"gb300-gb300|{'TP': 2, 'PP': 1, 'DP': 1}-{'TP': 1, 'PP': 1, 'DP': 6}|DISAGGREGATED|bs128|cs2048",DISAGGREGATED,gb300-gb300,"{'TP': 2, 'PP': 1, 'DP': 1}-{'TP': 1, 'PP': 1, 'DP': 6}",128,2048,96.0,"['gb300_2', 'gb300_1']",Nvidia,1.5552790061144481,1263.5574117828792,7.034002181507826,6.00785367308508,1524.4635617699107,2329.4862050604097,2414.1257230864408,2492.9575530453526,2980.916756974624,-163748.6178287254,31.051216218485667,200,200
codegen-100.0rps,"gb300|{'TP': 2, 'PP': 1, 'DP': 4}|CHUNKED|bs128|cs2048",CHUNKED,gb300,"{'TP': 2, 'PP': 1, 'DP': 4}",128,2048,96.0,['gb300_2'],Nvidia,1.5479777930027898,43.31756501086418,7.300498413632639,6.340735615746861,21.883429962797607,105.41871725722847,168.2552727334658,307.83074689122395,3146.08279046512,-172821.56816624867,32.771695734011665,200,200
codegen-100.0rps,"gb300-gb300|{'TP': 2, 'PP': 1, 'DP': 2}-{'TP': 1, 'PP': 1, 'DP': 4}|DISAGGREGATED|bs128|cs2048",DISAGGREGATED,gb300-gb300,"{'TP': 2, 'PP': 1, 'DP': 2}-{'TP': 1, 'PP': 1, 'DP': 4}",128,2048,96.0,"['gb300_2', 'gb300_1']",Nvidia,1.5534375248891663,155.58288369190134,6.053107147217123,6.539351239296624,57.76685763105513,418.6374615426779,454.68286973992,490.6138320634158,3244.629904401806,-178234.98793397137,33.79822817085215,200,200
codegen-100.0rps,"gb300-gb300|{'TP': 2, 'PP': 1, 'DP': 3}-{'TP': 1, 'PP': 1, 'DP': 2}|DISAGGREGATED|bs128|cs2048",DISAGGREGATED,gb300-gb300,"{'TP': 2, 'PP': 1, 'DP': 3}-{'TP': 1, 'PP': 1, 'DP': 2}",128,2048,96.0,"['gb300_2', 'gb300_1']",Nvidia,1.2351800506866986,49.23531941899587,8.693421726982896,6.0167856244596445,15.81350071073544,152.79547151005244,235.6416357455752,284.3176867954001,2985.3485232881417,-163992.0649517222,31.09738045091814,200,200
codegen-100.0rps,"gb300-etched|{'TP': 2, 'PP': 1, 'DP': 3}-{'TP': 2, 'PP': 1, 'DP': 1}|DISAGGREGATED|bs128|cs2048",DISAGGREGATED,gb300-etched,"{'TP': 2, 'PP': 1, 'DP': 3}-{'TP': 2, 'PP': 1, 'DP': 1}",128,2048,96.0,"['gb300_2', 'etched_2']",Mixed,1.0954115206192965,49.23531941899586,11.886614718057626,5.341492095368386,15.81350071073544,152.79547151005244,235.6416357455752,284.3176867954001,2650.288132958932,-145586.42659325784,27.607168051655538,200,200
codegen-100.0rps,"gb300-b200_sxm|{'TP': 1, 'PP': 1, 'DP': 1}-{'TP': 1, 'PP': 1, 'DP': 7}|DISAGGREGATED|bs128|cs2048",DISAGGREGATED,gb300-b200_sxm,"{'TP': 1, 'PP': 1, 'DP': 1}-{'TP': 1, 'PP': 1, 'DP': 7}",128,2048,72.19999999999999,"['gb300_1', 'b200_sxm_1']",Mixed,2.916921200154753,146.2467645108246,6.4996136389163714,4.911040783060706,41.97136581406994,385.7171468780264,420.3137778572883,453.9196349506034,2436.7111053312306,-133854.1489333147,33.74946129267633,200,200
codegen-100.0rps,"gb300-mi350x|{'TP': 1, 'PP': 1, 'DP': 2}-{'TP': 2, 'PP': 1, 'DP': 3}|DISAGGREGATED|bs128|cs2048",DISAGGREGATED,gb300-mi350x,"{'TP': 1, 'PP': 1, 'DP': 2}-{'TP': 2, 'PP': 1, 'DP': 3}",128,2048,69.0,"['gb300_1', 'mi350x_2']",Mixed,2.2730681190389053,19.442666629505055,7.775151825899833,4.728410989641011,7.208277973845339,47.87571564478458,100.6669586715573,141.12380283477586,2346.0956807301804,-128876.43511501788,34.001386677248995,200,200
codegen-100.0rps,"gb300-mi350x|{'TP': 1, 'PP': 1, 'DP': 1}-{'TP': 1, 'PP': 1, 'DP': 7}|DISAGGREGATED|bs128|cs2048",DISAGGREGATED,gb300-mi350x,"{'TP': 1, 'PP': 1, 'DP': 1}-{'TP': 1, 'PP': 1, 'DP': 7}",128,2048,64.5,"['gb300_1', 'mi350x_1']",Mixed,2.916921200154484,146.2467645108246,6.4996136389163714,4.911040783060706,41.97136581406994,385.7171468780264,420.3137778572883,453.9196349506034,2436.7111053312306,-133854.1489333147,37.7784667493214,200,200
codegen-100.0rps,"gb300-mi355x|{'TP': 2, 'PP': 1, 'DP': 3}-{'TP': 2, 'PP': 1, 'DP': 1}|DISAGGREGATED|bs128|cs2048",DISAGGREGATED,gb300-mi355x,"{'TP': 2, 'PP': 1, 'DP': 3}-{'TP': 2, 'PP': 1, 'DP': 1}",128,2048,91.0,"['gb300_2', 'mi355x_2']",Mixed,1.0954115206192332,49.23531941899585,11.886614718057626,5.341492095368386,15.81350071073544,152.79547151005244,235.6416357455752,284.3176867954001,2650.288132958932,-145586.42659325784,29.124045417131118,200,200
codegen-100.0rps,"gb300-mi350x|{'TP': 2, 'PP': 1, 'DP': 3}-{'TP': 2, 'PP': 1, 'DP': 1}|DISAGGREGATED|bs128|cs2048",DISAGGREGATED,gb300-mi350x,"{'TP': 2, 'PP': 1, 'DP': 3}-{'TP': 2, 'PP': 1, 'DP': 1}",128,2048,87.0,"['gb300_2', 'mi350x_2']",Mixed,1.0954115206192332,49.23531941899585,11.886614718057626,5.341492095368386,15.81350071073544,152.79547151005244,235.6416357455752,284.3176867954001,2650.288132958932,-145586.42659325784,30.4630819880337,200,200
